timestamps,TransSelectedGear,TransCurrentGear,TransOutputShaftSpeed,TransInputShaftSpeed,TransShiftInProcess,Time,StateChange,Delta_Time,TransInputShaftSpeedVelocity,Delta_TransInputShaftSpeedVelocity,TransInputShaftSpeedAcceleration,TransInputShaftSpeedAccelerationForth,TransOutputShaftSpeedVelocity,Delta_TransOutputShaftSpeedVelocity,TransOutputShaftSpeedAcceleration,TransOutputShaftSpeedAccelerationForth
2024-08-05 10:18:48.773883650-03:00,6.0,8.0,635.6903474781807,1229.9190636518133,b'Shift in process',78.77388365,1,0.0,15.619972108378029,0.0,0.0,0.0,8.073267412972895,0.0,0.0,0.0
2024-08-05 10:18:48.780448299-03:00,6.0,8.0,635.375,1228.5,b'Shift in process',78.780448299,0,0.006564649,15.60195,-0.018022108378028534,-2.745327035463516,56.803663726254236,8.0692625,-0.004004912972893848,-0.6100726745472376,0.13852440475824013
2024-08-05 10:18:48.790189582-03:00,6.0,8.0,632.375,1220.25,b'Shift in process',78.79018958200001,0,0.009741283,15.497174999999999,-0.10477500000000184,-10.755770056162195,13383.386990381052,8.031162499999999,-0.0381000000000018,-3.9111891113318236,234.0104548554031
2024-08-05 10:18:48.801102954-03:00,6.0,8.0,631.625,1217.0,b'Shift in process',78.801102954,0,0.010913372,15.455900000000002,-0.041274999999997064,-3.7820574612500213,204.60323278046516,8.0216375,-0.00952499999999823,-0.8727824910575971,0.5802619605479525
2024-08-05 10:18:48.809914732-03:00,6.0,8.0,629.375,1214.5,b'Shift in process',78.80991473200001,0,0.008811778,15.424150000000001,-0.03175000000000061,-3.603132080722031,168.54688469534113,7.993062500000001,-0.028575000000000017,-3.2428188726497673,110.58361104860506
2024-08-05 10:18:48.820927092-03:00,6.0,8.0,628.0,1210.0,b'Shift in process',78.820927092,0,0.01101236,15.367,-0.057150000000000034,-5.189623296005582,725.3428557422457,7.9756,-0.017462500000000603,-1.5857182293350927,6.322721831015934
2024-08-05 10:18:48.830111862-03:00,6.0,8.0,626.625,1207.0,b'Shift in process',78.83011186200001,0,0.00918477,15.3289,-0.03810000000000002,-4.148171375004494,296.0920596870965,7.958137499999999,-0.017462500000000603,-1.9012452135437907,13.066297278523361
2024-08-05 10:18:48.841285725-03:00,6.0,8.0,625.125,1203.625,b'Shift in process',78.841285725,0,0.011173863,15.286037499999999,-0.0428625000000018,-3.8359607594975706,216.51930449563122,7.939087499999999,-0.01905000000000001,-1.7048714486655163,8.448245991597684
2024-08-05 10:18:48.850582811-03:00,6.0,8.0,623.5,1198.875,b'Shift in process',78.85058281100001,0,0.009297086,15.2257125,-0.06032499999999885,-6.488592232017522,1772.5640180619248,7.918450000000001,-0.020637499999998532,-2.2197815530585103,24.279567817090147
2024-08-05 10:18:48.861356617-03:00,6.0,8.0,620.25,1189.375,b'Shift in process',78.861356617,0,0.010773806,15.1050625,-0.12064999999999948,-11.198456701373635,15726.522498641025,7.877175,-0.04127500000000062,-3.8310509767857908,215.41290787925624
2024-08-05 10:18:48.869972172-03:00,6.0,8.0,617.25,1183.0,b'Shift in process',78.869972172,0,0.008615555,15.024099999999999,-0.08096250000000182,-9.397247188370548,7798.347851575511,7.839075,-0.03810000000000002,-4.422233970997808,382.44313166808934
2024-08-05 10:18:48.881525512-03:00,6.0,8.0,614.5,1173.375,b'Shift in process',78.88152551200001,0,0.01155334,14.9018625,-0.12223749999999889,-10.58027375633357,12531.054519684352,7.804150000000001,-0.03492499999999943,-3.0229353589524264,83.50556947727769
2024-08-05 10:18:48.882133448-03:00,6.0,8.0,614.1766486979077,1172.6785510416473,b'Shift in process',78.882133448,0,0.000607936,14.893017598228921,-0.008844901771078995,-14.549067288462922,44806.45759263217,7.800043438463428,-0.004106561536572961,-6.754924098215867,2082.0056020015736
2024-08-05 10:18:48.890691048-03:00,6.0,8.0,609.625,1162.875,b'Shift in process',78.89069104800001,0,0.0085576,14.768512500000002,-0.12450509822891931,-14.549067288599526,44806.457594314954,7.7422375,-0.057805938463427964,-6.754924098278485,2082.005602078774
2024-08-05 10:18:48.901356165-03:00,6.0,8.0,606.375,1156.5,b'Shift in process',78.90135616500001,0,0.010665117,14.68755,-0.08096250000000182,-7.591337253965599,3321.032636791012,7.700962499999999,-0.04127500000000062,-3.8700935020216485,224.32921212986332
2024-08-05 10:18:48.909912703-03:00,6.0,8.0,602.375,1149.375,b'Shift in process',78.909912703,0,0.008556538,14.5970625,-0.09048750000000005,-10.575246671025132,12507.255590077026,7.6501624999999995,-0.050799999999999734,-5.936980587242145,1242.4030688913635
2024-08-05 10:18:48.920856810-03:00,6.0,8.0,598.25,1135.875,b'Shift in process',78.92085681,0,0.010944107,14.4256125,-0.1714500000000001,-15.66596525417744,60232.18747775413,7.597775,-0.05238749999999914,-4.786822716554137,525.0363516790377
2024-08-05 10:18:48.930037096-03:00,6.0,8.0,594.625,1129.25,b'Shift in process',78.930037096,0,0.009180286,14.341474999999999,-0.08413750000000064,-9.16501947760676,7055.593786031701,7.5517375,-0.04603750000000062,-5.014821978313162,632.4440079861292
2024-08-05 10:18:48.941282695-03:00,6.0,8.0,591.75,1121.5,b'Shift in process',78.941282695,0,0.011245599,14.24305,-0.09842499999999887,-8.752312793653665,5868.016428130354,7.515225000000001,-0.03651249999999884,-3.246825713774681,111.1311752293866
2024-08-05 10:18:48.950491529-03:00,6.0,8.0,589.125,1116.125,b'Shift in process',78.950491529,0,0.009208834,14.174787499999999,-0.06826250000000122,-7.412719134691886,3019.3272087281334,7.4818875,-0.03333750000000091,-3.6201651588030477,171.75664067042155
2024-08-05 10:18:48.961324836-03:00,6.0,8.0,588.125,1111.0,b'Shift in process',78.961324836,0,0.010833307,14.1097,-0.06508749999999885,-6.008091527360837,1303.0052344866983,7.4691875,-0.012699999999999712,-1.1723105419240598,1.88873349177705
2024-08-05 10:18:48.969928391-03:00,6.0,8.0,585.875,1106.875,b'Shift in process',78.96992839100001,0,0.008603555,14.057312500000002,-0.052387499999998255,-6.089052722973033,1374.671528575391,7.440612499999999,-0.028575000000000905,-3.3213014852582337,121.68392193389587
2024-08-05 10:18:48.981233507-03:00,6.0,8.0,585.125,1100.375,b'Shift in process',78.981233507,0,0.011305116,13.9747625,-0.08255000000000123,-7.302003800757217,2842.943434297267,7.4310875,-0.009524999999999118,-0.8425389000872806,0.5039179698233158
2024-08-05 10:18:48.981841473-03:00,6.0,8.0,585.5697131219154,1100.005804200674,b'Shift in process',78.981841473,0,0.000607966,13.97007371334856,-0.0046887866514406795,-7.712251427613846,3537.7302763492644,7.436735356648325,0.005647856648324456,9.289757401440962,7447.619679064436
2024-08-05 10:18:48.990290525-03:00,6.0,8.0,591.75,1094.875,b'Shift in process',78.990290525,0,0.008449052,13.904912499999998,-0.06516121334856173,-7.7122514275639125,3537.7302762576437,7.515225000000001,0.07848964335167619,9.289757401383751,7447.619678880971
2024-08-05 10:18:49.000603587-03:00,6.0,8.0,602.625,1088.875,b'Shift in process',79.000603587,0,0.010313062,13.8287125,-0.07619999999999827,-7.388688247971191,2980.3644246926906,7.653337499999999,0.1381124999999983,13.391997449447924,32164.84269197325
2024-08-05 10:18:49.009879219-03:00,6.0,8.0,611.5,1082.375,b'Shift in process',79.009879219,0,0.009275632,13.7461625,-0.08254999999999946,-8.899663117294805,6273.274186480682,7.76605,0.11271250000000066,12.151463102460367,21802.901363035147
2024-08-05 10:18:49.019827507-03:00,6.0,8.0,621.375,1074.75,b'Shift in process',79.019827507,0,0.009948288,13.649325000000001,-0.09683749999999947,-9.734086910230129,8978.026397428202,7.891462499999999,0.12541249999999948,12.606440424724283,25256.31020896229
2024-08-05 10:18:49.030056082-03:00,6.0,8.0,626.0,1068.5,b'Shift in process',79.030056082,0,0.010228575,13.56995,-0.07937500000000064,-7.760122988783935,3626.3892402400884,7.950200000000001,0.05873750000000122,5.742491011700185,1087.4299655804723
2024-08-05 10:18:49.039984652-03:00,6.0,8.0,629.0,1061.25,b'Shift in process',79.039984652,0,0.00992857,13.477875000000001,-0.09207499999999946,-9.273742341545606,7396.395092264924,7.9883,0.038099999999999135,3.837410624087773,216.84683829085637
2024-08-05 10:18:49.050453764-03:00,6.0,8.0,629.75,1070.75,b'Shift in process',79.05045376400001,0,0.010469112,13.598525000000002,0.12065000000000126,11.524377616745458,17638.835950034158,7.997825000000001,0.009525000000000894,0.909819285532612,0.685205047514044
2024-08-05 10:18:49.060422974-03:00,6.0,8.0,629.125,1101.625,b'Shift in process',79.060422974,0,0.00996921,13.9906375,0.39211249999999787,39.33235431894783,2393314.4950258154,7.989887500000001,-0.007937499999999709,-0.7962015044321175,0.4018759116065722
2024-08-05 10:18:49.069911111-03:00,6.0,8.0,625.125,1123.0,b'Shift in process',79.06991111100001,0,0.009488137,14.262099999999998,0.2714624999999984,28.61072726922033,670062.9266821423,7.939087499999999,-0.05080000000000151,-5.3540542258192,821.7336309211896
2024-08-05 10:18:49.080539711-03:00,6.0,8.0,620.25,1134.875,b'Shift in process',79.080539711,0,0.0106286,14.4129125,0.15081250000000068,14.18930997497325,40536.39330555405,7.877175,-0.06191249999999915,-5.825085147620491,1151.3546306757912
2024-08-05 10:18:49.081651721-03:00,6.0,8.0,619.2678349480989,1136.8256889225258,b'Shift in process',79.081651721,0,0.00111201,14.437686249316076,0.024773749316077343,22.27835119835014,246338.4382409736,7.864701503840856,-0.012473496159143949,-11.217071932036536,15831.352521899917
2024-08-05 10:18:49.090729536-03:00,6.0,8.0,611.25,1152.75,b'Shift in process',79.09072953600001,0,0.009077815,14.639925,0.20223875068392339,22.27835119838016,246338.43824230137,7.762875,-0.10182650384085612,-11.217071932051503,15831.352521984416
2024-08-05 10:18:49.100614322-03:00,6.0,8.0,602.625,1177.0,b'Shift in process',79.100614322,0,0.009884786,14.9479,0.3079750000000008,31.15646610862398,942307.764109692,7.653337499999999,-0.10953750000000095,-11.081423512861175,15079.335804948514
2024-08-05 10:18:49.109834422-03:00,6.0,8.0,589.75,1192.25,b'Shift in process',79.109834422,0,0.0092201,15.141575,0.19367499999999893,21.00573746488638,194693.62576747691,7.489825000000001,-0.16351249999999862,-17.73435212199419,98914.8072750401
2024-08-05 10:18:49.119790242-03:00,6.0,8.0,582.875,1202.25,b'Shift in process',79.11979024200001,0,0.00995582,15.268575000000002,0.12700000000000244,12.756357587823247,26479.314616860247,7.4025125,-0.08731250000000035,-8.769995841628349,5915.582966696583
2024-08-05 10:18:49.130003051-03:00,6.0,8.0,588.5,1218.75,b'Shift in process',79.130003051,0,0.010212809,15.478125,0.20954999999999835,20.518351023699587,177243.29759958276,7.47395,0.07143750000000004,6.9948923944431005,2394.000031210295
2024-08-05 10:18:49.139931635-03:00,6.0,8.0,601.625,1238.875,b'Shift in process',79.13993163500001,0,0.009928584,15.733712500000001,0.25558750000000074,25.742593304342364,439146.2535942673,7.6406375,0.1666875000000001,16.788647807179764,79444.32405619469
2024-08-05 10:18:49.150424748-03:00,6.0,8.0,612.25,1255.25,b'Shift in process',79.150424748,0,0.010493113,15.941675000000002,0.20796250000000072,19.818951725765338,154284.64988622328,7.775575000000001,0.13493750000000038,12.859625165572922,27347.223471638947
2024-08-05 10:18:49.160341708-03:00,6.0,8.0,616.25,1269.875,b'Shift in process',79.160341708,0,0.00991696,16.1274125,0.18573749999999656,18.72927792387955,123050.71364760383,7.8263750000000005,0.050799999999999734,5.122537551830373,688.5581182538555
2024-08-05 10:18:49.169853596-03:00,6.0,8.0,609.5,1288.5,b'Shift in process',79.16985359600001,0,0.009511888,16.363950000000003,0.23653750000000429,24.867565724071216,382413.39642814104,7.74065,-0.08572500000000094,-9.012406369797556,6597.251847251277
2024-08-05 10:18:49.173677541-03:00,6.0,8.0,607.0411570425467,1294.0882794487572,b'Shift in process',79.173677541,0,0.003823945,16.434921148999216,0.07097114899921309,18.559667829744697,118653.56649588385,7.709422694440344,-0.03122730555965525,-8.166253845088058,4447.249579690414
2024-08-05 10:18:49.180545463-03:00,6.0,8.0,602.625,1304.125,b'Shift in process',79.180545463,0,0.006867922,16.5623875,0.12746635100078407,18.559667829772103,118653.56649658467,7.653337499999999,-0.0560851944403451,-8.16625384509974,4447.249579715864
2024-08-05 10:18:49.189991239-03:00,6.0,8.0,595.5,1319.125,b'Shift in process',79.18999123900001,0,0.009445776,16.7528875,0.1905000000000001,20.16774482054202,165435.7446333345,7.562850000000001,-0.09048749999999828,-9.579678789757272,8421.777998577776
2024-08-05 10:18:49.200616058-03:00,6.0,8.0,598.625,1336.5,b'Shift in process',79.20061605800001,0,0.010624819,16.97355,0.22066249999999954,20.768589093141212,186049.27224857564,7.6025374999999995,0.03968749999999854,3.735357750564837,194.68334933491332
2024-08-05 10:18:49.209768171-03:00,6.0,8.0,606.625,1352.875,b'Shift in process',79.20976817100001,0,0.009152113,17.1815125,0.20796250000000072,22.72289470202135,266596.61069840775,7.704137500000001,0.10160000000000124,11.101261533812055,15187.60652759311
2024-08-05 10:18:49.219735976-03:00,6.0,8.0,614.25,1369.5,b'Shift in process',79.21973597600001,0,0.009967805,17.39265,0.21113749999999953,21.181945272805752,201309.0811264806,7.800975,0.09683749999999947,9.71502753113644,8907.91660762365
2024-08-05 10:18:49.229885019-03:00,6.0,8.0,615.25,1386.625,b'Shift in process',79.22988501900001,0,0.010149043,17.6101375,0.21748750000000072,21.4293603840284,210880.6998785074,7.813675,0.012699999999999712,1.2513495114760782,2.451966394272678
2024-08-05 10:18:49.239869604-03:00,6.0,8.0,609.125,1401.0,b'Shift in process',79.239869604,0,0.009984585,17.7927,0.18256249999999952,18.284435457257313,111770.25020525682,7.7358875000000005,-0.07778749999999945,-7.790759455700908,3683.996270187733
2024-08-05 10:18:49.250351216-03:00,6.0,8.0,600.0,1416.875,b'Shift in process',79.250351216,0,0.010481612,17.9943125,0.20161249999999953,19.234875322612545,136885.517603609,7.62,-0.11588750000000037,-11.056266917722233,14942.871409436868
2024-08-05 10:18:49.260340442-03:00,6.0,8.0,595.875,1432.75,b'Shift in process',79.260340443,0,0.009989226,18.195925,0.20161249999999953,20.18299515898424,165936.7057966502,7.5676125,-0.05238750000000003,-5.244400316901433,756.4554215632356
2024-08-05 10:18:49.269796314-03:00,6.0,8.0,598.75,1447.75,b'Shift in process',79.269796314,0,0.009455872,18.386425,0.1905000000000001,20.146211793053048,164730.33482289023,7.604125,0.036512499999999726,3.861357260335136,222.31048238411904
2024-08-05 10:18:49.280440681-03:00,6.0,8.0,605.375,1465.625,b'Shift in process',79.280440681,0,0.010644367,18.6134375,0.22701250000000073,21.327007984598872,206880.58050872883,7.6882625,0.08413750000000064,7.904415546739477,3903.7235505828385
2024-08-05 10:18:49.281548409-03:00,6.0,8.0,606.087783317295,1467.2561772068868,b'Shift in process',79.28154840900001,0,0.001107728,18.63415345052746,0.020715950527460336,18.701297184381303,122317.02983866794,7.697314848129648,0.009052348129647392,8.17199540830185,4459.769938080559
2024-08-05 10:18:49.290542253-03:00,6.0,8.0,611.875,1480.5,b'Shift in process',79.290542253,0,0.008993844,18.80235,0.16819654947254037,18.701297184222938,122317.02983452473,7.7708125,0.07349765187035207,8.171995408231682,4459.769937927385
2024-08-05 10:18:49.300615044-03:00,6.0,8.0,616.625,1495.375,b'Shift in process',79.30061504400001,0,0.010072791,18.9912625,0.1889125000000007,18.754732427189317,123721.01945051251,7.8311375000000005,0.06032500000000063,5.988906153220158,1286.4414674910327
2024-08-05 10:18:49.309723125-03:00,6.0,8.0,619.125,1512.875,b'Shift in process',79.309723125,0,0.009108081,19.2135125,0.22224999999999895,24.401407936534483,354535.3478410012,7.8628875,0.03174999999999972,3.4859154195049125,147.66153596043134
2024-08-05 10:18:49.319678929-03:00,6.0,8.0,625.0,1527.125,b'Shift in process',79.319678929,0,0.009955804,19.3944875,0.1809750000000001,18.17783877625555,109186.51110188333,7.9375,0.07461249999999975,7.494372127052697,3154.576148676833
2024-08-05 10:18:49.329875754-03:00,6.0,8.0,628.0,1544.875,b'Shift in process',79.329875754,0,0.010196825,19.619912499999998,0.22542499999999777,22.10737165735391,238862.7619597858,7.9756,0.03810000000000002,3.7364571815246435,194.91265579787208
2024-08-05 10:18:49.339856575-03:00,6.0,8.0,627.5,1560.25,b'Shift in process',79.339856575,0,0.009980821,19.815175,0.1952625000000019,19.563771357085944,146490.7876831211,7.969250000000001,-0.006349999999999412,-0.6362202067344371,0.16384373278851014
2024-08-05 10:18:49.350325937-03:00,6.0,8.0,625.125,1576.5,b'Shift in process',79.35032593700001,0,0.010469362,20.021549999999998,0.20637499999999775,19.71228046178915,150989.7542564386,7.939087499999999,-0.030162500000001202,-2.881025605953945,68.89512189509237
2024-08-05 10:18:49.360595701-03:00,6.0,8.0,621.5,1593.875,b'Shift in process',79.36059570100001,0,0.010269764,20.2422125,0.2206625000000031,21.486618387725667,213143.59301425185,7.89305,-0.04603749999999973,-4.482819663626129,403.8360386214436
2024-08-05 10:18:49.369735533-03:00,6.0,8.0,617.875,1611.125,b'Shift in process',79.36973553300001,0,0.009139832,20.4612875,0.21907500000000013,23.96925895355627,330079.40626913,7.847012500000001,-0.04603749999999884,-5.03701818589213,643.7156612914486
2024-08-05 10:18:49.373575495-03:00,6.0,8.0,616.641407583995,1615.8126511808189,b'Shift in process',79.37357549500001,0,0.003839962,20.5208206699964,0.05953316999639924,15.503583107436802,57773.453186604,7.831345876316737,-0.01566662368326366,-4.07989029143092,277.0728297176508
2024-08-05 10:18:49.381408641-03:00,6.0,8.0,614.125,1625.375,b'Shift in process',79.38140864100001,0,0.007833146,20.6422625,0.12144183000360087,15.503583107425916,57773.45318644174,7.799387500000001,-0.03195837631673637,-4.079890291427783,277.0728297167986
2024-08-05 10:18:49.390025430-03:00,6.0,8.0,608.75,1641.5,b'Shift in process',79.39002543000001,0,0.008616789,20.84705,0.20478749999999835,23.76610359148847,319030.3080053476,7.7311250000000005,-0.06826250000000034,-7.92203453049626,3938.6457778440035
2024-08-05 10:18:49.400714829-03:00,6.0,8.0,603.0,1659.25,b'Shift in process',79.40071482900001,0,0.010689399,21.072475,0.22542500000000132,21.088650540596465,197785.82390814522,7.658100000000001,-0.07302499999999945,-6.8315346821649605,2178.076403063469
2024-08-05 10:18:49.409760080-03:00,6.0,8.0,600.125,1674.625,b'Shift in process',79.40976008,0,0.009045251,21.2677375,0.19526249999999834,21.587294813598685,217166.52927574798,7.6215875,-0.036512500000000614,-4.036648623681157,265.5117767185929
2024-08-05 10:18:49.419615914-03:00,6.0,8.0,595.625,1690.875,b'Shift in process',79.419615914,0,0.009855834,21.4741125,0.2063750000000013,20.939374587680888,192244.89873812854,7.5644375,-0.057150000000000034,-5.798596039665444,1130.5542797483745
2024-08-05 10:18:49.429872974-03:00,6.0,8.0,591.875,1705.0,b'Shift in process',79.429872974,0,0.01025706,21.6535,0.1793875000000007,17.489173310870825,93557.18064957227,7.5168125,-0.04762500000000003,-4.643143356868345,464.78100511024223
2024-08-05 10:18:49.439765542-03:00,6.0,8.0,588.125,1719.875,b'Shift in process',79.439765542,0,0.009892568,21.8424125,0.18891249999999715,19.096406514465926,132986.20858693964,7.4691875,-0.04762500000000003,-4.814220129697368,537.1601393832414
2024-08-05 10:18:49.450611178-03:00,6.0,8.0,584.375,1736.75,b'Shift in process',79.450611178,0,0.010845636,22.056725,0.2143125000000019,19.760251957561724,152464.91340247804,7.4215625,-0.04762500000000003,-4.391167101680346,371.80896424928613
2024-08-05 10:18:49.460212490-03:00,6.0,8.0,580.625,1752.25,b'Shift in process',79.46021249,0,0.009601312,22.253574999999998,0.19684999999999775,20.502406337800263,176693.00070555753,7.3739375,-0.04762500000000003,-4.960259597854963,605.3654411160712
2024-08-05 10:18:49.469708502-03:00,6.0,8.0,576.375,1767.875,b'Shift in process',79.469708502,0,0.009496012,22.452012500000002,0.19843750000000426,20.896930206070113,190690.90016061653,7.3199625,-0.05397500000000033,-5.683965016050983,1043.771862044762
2024-08-05 10:18:49.480281383-03:00,6.0,8.0,573.75,1782.375,b'Shift in process',79.480281383,0,0.010572881,22.6361625,0.18414999999999893,17.417201612313516,92026.62949223637,7.286625,-0.03333750000000002,-3.153114084987812,98.84591777724351
2024-08-05 10:18:49.481401111-03:00,6.0,8.0,573.5446774307894,1784.0586450675266,b'Shift in process',79.48140111100001,0,0.001119728,22.65754479235759,0.021382292357589705,19.095970054861276,132974.0510916337,7.284017403371026,-0.0026075966289740293,-2.328776835958402,29.411115070322523
2024-08-05 10:18:49.490506708-03:00,6.0,8.0,571.875,1797.75,b'Shift in process',79.490506708,0,0.009105597,22.831425,0.17388020764240864,19.095970054726628,132974.05108788324,7.2628125,-0.021204903371025985,-2.3287768359423313,29.411115069510668
2024-08-05 10:18:49.500660501-03:00,6.0,8.0,573.0,1812.0,b'Shift in process',79.500660501,0,0.010153793,23.0124,0.1809750000000001,17.823388757285098,100916.25360742157,7.277100000000001,0.014287500000000897,1.4071096387331214,3.920231842049237
2024-08-05 10:18:49.509620829-03:00,6.0,8.0,576.5,1827.875,b'Shift in process',79.509620829,0,0.008960328,23.2140125,0.20161249999999953,22.500571407653773,256315.09825300594,7.321549999999999,0.044449999999998546,4.960755900899894,605.6077589227775
2024-08-05 10:18:49.519605383-03:00,6.0,8.0,582.875,1842.375,b'Shift in process',79.519605383,0,0.009984554,23.3981625,0.18415000000000248,18.443487811273542,115710.35132100081,7.4025125,0.08096250000000094,8.108774813577146,4323.355615483694
2024-08-05 10:18:49.529726190-03:00,6.0,8.0,589.625,1856.875,b'Shift in process',79.52972619100001,0,0.010120807,23.5823125,0.18414999999999893,18.195189375708765,109603.97888279449,7.488237499999999,0.08572499999999916,8.470174364554047,5147.180553189812
2024-08-05 10:18:49.540127802-03:00,6.0,8.0,594.25,1871.5,b'Shift in process',79.540127802,0,0.010401612,23.76805,0.18573749999999833,17.85660722587983,101670.6930375792,7.546975,0.05873750000000033,5.646961259466353,1016.8554794395206
2024-08-05 10:18:49.550208889-03:00,6.0,8.0,596.875,1883.5,b'Shift in process',79.550208889,0,0.010081087,23.92045,0.1524000000000001,15.117417397548506,52228.84442699482,7.5803125,0.03333750000000002,3.3069350557137356,119.59214732095201
2024-08-05 10:18:49.560626672-03:00,6.0,8.0,599.625,1897.125,b'Shift in process',79.560626672,0,0.010417783,24.0934875,0.1730374999999995,16.609819958814608,76113.15069232586,7.6152375,0.03492500000000032,3.352440725632346,126.3119475506792
2024-08-05 10:18:49.569634485-03:00,6.0,8.0,596.75,1908.125,b'Shift in process',79.56963448500001,0,0.009007813,24.2331875,0.13970000000000127,15.508758896304938,57850.641270956316,7.5787249999999995,-0.036512500000000614,-4.053425620625186,269.95341941458724
2024-08-05 10:18:49.573442430-03:00,6.0,8.0,597.1476969011026,1911.3507637533876,b'Shift in process',79.57344243,0,0.003807945,24.27415469966802,0.04096719966802098,10.75834857594345,13396.22539784708,7.583775750644002,0.005050750644002733,1.3263717422396417,3.0950027797596644
2024-08-05 10:18:49.580406352-03:00,6.0,8.0,597.875,1917.25,b'Shift in process',79.58040635200001,0,0.006963922,24.349075,0.0749203003319785,10.758348575986131,13396.22539805967,7.5930125,0.009236749355998164,1.3263717422449826,3.0950027798095143
2024-08-05 10:18:49.590024865-03:00,6.0,8.0,595.25,1926.5,b'Shift in process',79.590024865,0,0.009618513,24.46655,0.11747500000000244,12.213426337314555,22251.02745440916,7.5596749999999995,-0.03333750000000091,-3.4659723389676667,144.3113101796304
2024-08-05 10:18:49.600645978-03:00,6.0,8.0,592.75,1938.375,b'Shift in process',79.600645978,0,0.010621113,24.6173625,0.15081249999999713,14.199312256634228,40650.8133429197,7.527925,-0.03174999999999972,-2.9893288961335522,79.85365532637003
2024-08-05 10:18:49.609582788-03:00,6.0,8.0,590.25,1949.375,b'Shift in process',79.60958278800001,0,0.00893681,24.757062500000004,0.13970000000000482,15.631976063047645,59711.162358430585,7.496175,-0.03174999999999972,-3.5527218325106746,159.3106536183178
2024-08-05 10:18:49.619630575-03:00,6.0,8.0,587.5,1959.375,b'Shift in process',79.619630575,0,0.010047787,24.8840625,0.12699999999999534,12.63959914755312,25523.08717177549,7.46125,-0.03492500000000032,-3.4758897655772674,145.97012471954432
2024-08-05 10:18:49.630152186-03:00,6.0,8.0,585.375,1972.125,b'Shift in process',79.630152186,0,0.010521611,25.0459875,0.1619250000000001,15.389753527287798,56095.32363694731,7.4342625,-0.02698749999999972,-2.564958921214605,43.28342873221053
2024-08-05 10:18:49.639728730-03:00,6.0,8.0,582.0,1977.25,b'Shift in process',79.63972873,0,0.009576544,25.111075,0.06508750000000063,6.796554164007458,2133.806968739123,7.3914,-0.042862500000000026,-4.475779571419505,401.3051738181845
2024-08-05 10:18:49.650166090-03:00,6.0,8.0,578.875,1987.375,b'Shift in process',79.65016609,0,0.01043736,25.2396625,0.12858750000000185,12.319925728345277,23037.34141493694,7.3517125000000005,-0.03968749999999943,-3.8024462124521365,209.05103295112082
2024-08-05 10:18:49.660104172-03:00,6.0,8.0,575.875,1994.75,b'Shift in process',79.660104172,0,0.009938082,25.333325,0.0936624999999971,9.424605270916167,7889.558106955975,7.3136125,-0.03810000000000091,-3.8337377373220414,216.01783016070914
2024-08-05 10:18:49.669627932-03:00,6.0,8.0,571.75,2005.875,b'Shift in process',79.66962793200001,0,0.00952376,25.4746125,0.14128750000000068,14.835264643376219,48437.441135266316,7.2612250000000005,-0.05238749999999914,-5.50071610372365,915.5391601101926
2024-08-05 10:18:49.680148294-03:00,6.0,8.0,569.125,2011.625,b'Shift in process',79.680148294,0,0.010520362,25.547637499999997,0.07302499999999768,6.941301069297585,2321.472411874495,7.2278875000000005,-0.03333750000000002,-3.1688548359837827,100.83455340126675
2024-08-05 10:18:49.680752276-03:00,6.0,8.0,569.0382029192278,2012.1168501243758,b'Shift in process',79.680752276,0,0.000603982,25.55388399657957,0.006246496579574767,10.342189965222088,11440.632690558263,7.226785177074193,-0.0011023229258073641,-1.8250923468039846,11.095308340841168
2024-08-05 10:18:49.690586122-03:00,6.0,8.0,567.625,2020.125,b'Shift in process',79.690586122,0,0.009833846,25.655587500000003,0.10170350342043122,10.342189965190752,11440.632690419603,7.2088375000000005,-0.017947677074192647,-1.8250923467982565,11.095308340701877
2024-08-05 10:18:49.700086694-03:00,6.0,8.0,567.25,2028.125,b'Shift in process',79.700086694,0,0.009500572,25.7571875,0.10159999999999769,10.694092945140323,13079.038475955093,7.2040750000000005,-0.004762500000000003,-0.5012856068034643,0.06314528683140644
2024-08-05 10:18:49.709527484-03:00,6.0,8.0,567.75,2037.0,b'Shift in process',79.709527484,0,0.00944079,25.8699,0.11271250000000066,11.93888435183927,20316.784842488454,7.210425000000001,0.0063500000000003,0.6726132029205502,0.2046734696409067
2024-08-05 10:18:49.719507786-03:00,6.0,8.0,572.25,2043.5,b'Shift in process',79.71950778600001,0,0.009980302,25.95245,0.08254999999999768,8.271292792542518,4680.514318169118,7.267575,0.057149999999999146,5.726279625606434,1075.202354312146
2024-08-05 10:18:49.729684608-03:00,6.0,8.0,574.25,2047.0,b'Shift in process',79.729684608,0,0.010176822,25.9969,0.04445000000000121,4.3677682482803775,363.9471705641395,7.292974999999999,0.025399999999999423,2.4958675704458053,38.8048628339863
2024-08-05 10:18:49.739637176-03:00,6.0,8.0,577.875,2051.25,b'Shift in process',79.739637176,0,0.009952568,26.050875,0.053975000000001216,5.423223433389374,865.0276504948396,7.3390125,0.04603750000000062,4.625690575537954,457.83217818693686
2024-08-05 10:18:49.750086785-03:00,6.0,8.0,579.75,2055.625,b'Shift in process',79.75008678500001,0,0.010449609,26.1064375,0.05556249999999707,5.317184595136246,799.3315431527589,7.362825,0.023812500000000014,2.2787933979156554,26.966203663218344
2024-08-05 10:18:49.760063868-03:00,6.0,8.0,580.0,2062.0,b'Shift in process',79.760063868,0,0.009977083,26.1874,0.08096250000000182,8.114846794398908,4336.319760543149,7.366,0.003174999999999706,0.3182292860548224,0.010255588292004684
2024-08-05 10:18:49.769524144-03:00,6.0,8.0,578.875,2060.5,b'Shift in process',79.769524144,0,0.009460276,26.16835,-0.01905000000000001,-2.0136833217128136,16.442380424687734,7.3517125000000005,-0.01428749999999912,-1.5102624912845164,5.20247193124756
2024-08-05 10:18:49.773364073-03:00,6.0,8.0,578.6949641928411,2061.1301253250563,b'Shift in process',79.77336407300001,0,0.003839929,26.176352591628213,0.008002591628212485,2.084046769670086,18.863828711934747,7.349426045249082,-0.0022864547509184874,-0.5954419341916185,0.12570648037954651
2024-08-05 10:18:49.780188492-03:00,6.0,8.0,578.375,2062.25,b'Shift in process',79.78018849200001,0,0.006824419,26.190575,0.014222408371786344,2.0840467696643983,18.86382871172881,7.345362499999999,-0.004063545249082701,-0.5954419341899583,0.1257064803781445
2024-08-05 10:18:49.790074058-03:00,6.0,8.0,576.375,2061.25,b'Shift in process',79.790074058,0,0.009885566,26.177875,-0.012699999999998823,-1.284701351445008,2.7240101652986337,7.3199625,-0.025399999999999423,-2.569402702890196,43.58416264479034
2024-08-05 10:18:49.800042875-03:00,6.0,8.0,574.75,2057.25,b'Shift in process',79.800042875,0,0.009968817,26.127075,-0.050799999999998846,-5.095890515394038,674.3422251346682,7.2993250000000005,-0.02063749999999942,-2.0702055218788167,18.367660801001392
2024-08-05 10:18:49.809443446-03:00,6.0,8.0,573.75,2044.125,b'Shift in process',79.809443446,0,0.009400571,25.960387500000003,-0.16668749999999832,-17.73163566340793,98854.2161138213,7.286625,-0.0127000000000006,-1.3509817648311575,3.331178833529689
2024-08-05 10:18:49.819460248-03:00,6.0,8.0,573.375,2046.375,b'Shift in process',79.819460248,0,0.010016802,25.988962500000003,0.028575000000000017,2.8527068818970385,66.22601135729924,7.281862500000001,-0.004762499999999115,-0.47545114698275104,0.05110031740528535
2024-08-05 10:18:49.829568803-03:00,6.0,8.0,576.125,2048.875,b'Shift in process',79.829568803,0,0.010108555,26.020712500000002,0.031749999999998835,3.14090391752321,97.32369855605391,7.316787499999999,0.03492499999999854,3.4549943092755138,142.49162705591567
2024-08-05 10:18:49.839605888-03:00,6.0,8.0,577.5,2046.375,b'Shift in process',79.83960588800001,0,0.010037085,25.988962500000003,-0.031749999999998835,-3.1632690168508923,100.12545678322401,7.33425,0.017462500000000603,1.7397979592681145,9.162105079772498
2024-08-05 10:18:49.850023246-03:00,6.0,8.0,577.125,2037.5,b'Shift in process',79.850023246,0,0.010417358,25.876250000000002,-0.11271250000000066,-10.81968191935044,13704.335232060796,7.3294875,-0.004762500000000003,-0.4571696585641007,0.0436827124422387
2024-08-05 10:18:49.860032268-03:00,6.0,8.0,576.125,2029.625,b'Shift in process',79.86003226800001,0,0.010009022,25.7762375,-0.10001250000000184,-9.992235005578152,9968.97618067161,7.316787499999999,-0.0127000000000006,-1.2688552388036114,2.592079446907513
2024-08-05 10:18:49.869456340-03:00,6.0,8.0,575.5,2022.75,b'Shift in process',79.86945634,0,0.009424072,25.688924999999998,-0.08731250000000301,-9.264837959642394,7368.028752511132,7.3088500000000005,-0.00793749999999882,-0.8422579963309724,0.5032462777478132
2024-08-05 10:18:49.880112704-03:00,6.0,8.0,573.0,2019.25,b'Shift in process',79.880112704,0,0.010656364,25.644475000000003,-0.044449999999994105,-4.171216373614312,302.72680294573127,7.277100000000001,-0.03174999999999972,-2.979440266867735,78.80227065438392
2024-08-05 10:18:49.881241182-03:00,6.0,8.0,572.9332755220628,2019.3834489558744,b'Shift in process',79.88124118200001,0,0.001128478,25.646169801739603,0.0016948017395996828,1.5018473905558485,5.087485883845012,7.276252599130198,-0.000847400869802506,-0.7509236952802855,0.31796786774431257
2024-08-05 10:18:49.890683019-03:00,6.0,7.794363388358827,572.375,2020.5,b'Shift in process',79.89068301900001,0,0.009441837,25.660349999999998,0.014180198260394405,1.501847390544277,5.08748588368822,7.269162499999999,-0.007090099130198979,-0.7509236952723267,0.3179678677308325
2024-08-05 10:18:49.899923679-03:00,6.0,7.593108271189427,572.375,2020.75,b'Shift in process',79.89992367900001,0,0.00924066,25.663525,0.0031750000000023704,0.3435901764595138,0.013936796347491892,7.269162499999999,0.0,0.0,0.0
2024-08-05 10:18:49.909380658-03:00,6.0,7.387141877370009,572.375,2020.75,b'Shift in process',79.909380658,0,0.009456979,25.663525,0.0,0.0,0.0,7.269162499999999,0.0,0.0,0.0
2024-08-05 10:18:49.919304442-03:00,6.0,7.171008796866578,572.25,2022.625,b'Shift in process',79.91930444200001,0,0.009923784,25.6873375,0.02381250000000179,2.399538321269567,33.1520783783463,7.267575,-0.0015874999999994088,-0.15996922141789954,0.0006548558692007298
2024-08-05 10:18:49.929489015-03:00,6.0,6.949195914190183,572.25,2025.125,b'Shift in process',79.929489015,0,0.010184573,25.7190875,0.031749999999998835,3.1174601036291687,94.45035983648161,7.267575,0.0,0.0,0.0
2024-08-05 10:18:49.939453598-03:00,6.0,6.732174259978446,573.0,2026.5,b'Shift in process',79.939453598,0,0.009964583,25.736549999999998,0.01746249999999705,1.7524566758084155,9.431682239295512,7.277100000000001,0.009525000000000894,0.9558854595321142,0.8348787775520685
2024-08-05 10:18:49.949402649-03:00,6.0,6.51549088187234,573.375,2025.375,b'Shift in process',79.949402649,0,0.009949051,25.722262500000003,-0.01428749999999468,-1.4360666158003088,4.253029010922274,7.281862500000001,0.004762500000000003,0.4786888719336148,0.05250653099911876
2024-08-05 10:18:49.959363263-03:00,6.0,6.298555669707068,573.625,2028.0,b'Shift in process',79.959363263,0,0.009960614,25.755599999999998,0.03333749999999469,3.346932227269794,125.48380330352282,7.2850375000000005,0.003174999999999706,0.3187554502161921,0.01032358355241335
2024-08-05 10:18:49.969327565-03:00,6.0,6.081540135478926,573.875,2032.375,b'Shift in process',79.969327565,0,0.009964302,25.811162500000002,0.05556250000000418,5.576155760835449,966.8065549781908,7.2882125,0.003174999999999706,0.31863747204768644,0.010308308124708482
2024-08-05 10:18:49.973071493-03:00,6.0,6.0,573.9617264231863,2032.7652689043382,b'Shift in process',79.973071493,0,0.003743928,25.81611891508509,0.004956415085089816,1.3238542741980657,3.0715721964153633,7.289313925574467,0.0011014255744665746,0.29418983871126114,0.007490497659355784
2024-08-05 10:18:49.980119916-03:00,6.0,6.0,574.125,2033.5,b'Shift in process',79.980119916,0,0.007048423,25.82545,0.009331084914908416,1.3238542741984152,3.071572196418607,7.2913875,0.002073574425533131,0.2941898387104649,0.007490497659274689
2024-08-05 10:18:49.989969481-03:00,6.0,6.0,573.5,2039.0,b'Shift in process',79.989969481,0,0.009849565,25.895300000000002,0.06985000000000241,7.091683744409262,2529.2830844174664,7.28345,-0.007937499999999709,-0.8058731527737224,0.42176132301853164
2024-08-05 10:18:49.999894001-03:00,6.0,6.0,575.5,2038.375,b'Shift in process',79.999894001,0,0.00992452,25.887362500000002,-0.007937500000000597,-0.7997867906962349,0.40916352187439214,7.3088500000000005,0.02540000000000031,2.5593177302277907,42.903904911285466
2024-08-05 10:18:50.009290118-03:00,6.0,6.0,576.25,2042.0,b'Shift in process',80.00929011800001,0,0.009396117,25.9334,0.04603749999999707,4.899630347301663,576.3061626025909,7.318375,0.009524999999999118,1.013716623579625,1.0560057271902843
2024-08-05 10:18:50.019225904-03:00,6.0,6.0,576.25,2044.625,b'Shift in process',80.01922590400001,0,0.009935786,25.9667375,0.033337500000001796,3.3552956957810682,126.74277128523944,7.318375,0.0,0.0,0.0
2024-08-05 10:18:50.029434711-03:00,6.0,6.0,577.375,2046.0,b'Shift in process',80.02943471100001,0,0.010208807,25.9842,0.017462500000000603,1.7105328761725638,8.561023766146084,7.3326625000000005,0.014287500000000897,1.3995268986866827,3.8364098715723522
2024-08-05 10:18:50.039395544-03:00,6.0,6.0,578.25,2045.875,b'Shift in process',80.039395544,0,0.009960833,25.982612500000002,-0.0015874999999994088,-0.15937422101137613,0.0006451672300277905,7.343775,0.011112499999999415,1.1156195470799897,1.5490465192987064
