timestamps,TransCurrentGear,TransSelectedGear,EngSpeed,ActualEngPercentTorque,EngReferenceTorque,NominalFrictionPercentTorque,WheelBasedVehicleSpeed,TransInputShaftSpeed,TransOutputShaftSpeed,TransShiftInProcess,Time,StateChange,Delta_Time,TransInputShaftSpeedVelocity,Delta_TransInputShaftSpeedVelocity,TransInputShaftSpeedAcceleration,TransInputShaftSpeedAccelerationForth,TransOutputShaftSpeedVelocity,Delta_TransOutputShaftSpeedVelocity,TransOutputShaftSpeedAcceleration,TransOutputShaftSpeedAccelerationForth,EngSpeedVelocity,Delta_EngSpeedVelocity,EngSpeedAcceleration,EngSpeedAccelerationForth
2024-07-03 15:35:23.563595-03:00,4.0,5.0,2258.273945120437,5.570541029865858,650,3.0,57.752209517151364,2269.9390112842298,1700.036808168092,b'ShiftInProcess',14182.563595000001,1,0.0,28.82822544330972,0.0,0.0,0.0,21.590467463734768,0.0,0.0,0.0,28.68007910302955,0.0,0.0,0.0
2024-07-03 15:35:23.565310-03:00,4.0,5.0,2258.3960328760822,4.771421174733274,650,3.0,57.74873061991198,2269.8468565287003,1701.6034390120967,b'ShiftInProcess',14182.565310000002,0,0.001715,28.827055077914494,-0.0011703653952253035,-0.6824288018806435,0.21688493754146207,21.61036367545363,0.019896211718862133,11.601289631989582,18114.44686851689,28.681629617526244,0.001550514496695854,0.9040900855369411,0.6681082379921108
2024-07-03 15:35:23.571765-03:00,4.0,5.0,2258.855552679228,1.763655190509298,650,3.0,57.73563657812087,2269.5,1707.5,b'ShiftInProcess',14182.571765,0,0.006455,28.822650000000003,-0.0044050779144910734,-0.6824288016252631,0.21688493721680896,21.68525,0.07488632454636956,11.601289627632775,18114.44684130573,28.687465519026194,0.005835901499949614,0.9040900851974615,0.6681082369886304
2024-07-03 15:35:23.575550-03:00,4.0,5.0,2259.125,0.0,650,3.0,57.727958662056,2271.482169576555,1701.4119077291527,b'ShiftInProcess',14182.575550000001,0,0.003785,28.84782355362225,0.025173553622245493,6.650872819615718,1956.656422264759,21.60793122816024,-0.0773187718397601,-20.427680803107027,174131.06343964196,28.6908875,0.00342198097380475,0.9040900855494716,0.6681082380291499
2024-07-03 15:35:23.581790-03:00,4.0,5.0,2255.1688917342144,0.0,650,3.0,57.71530075023947,2274.75,1691.375,b'ShiftInProcess',14182.58179,0,0.00624,28.889325000000003,0.04150144637775455,6.650872816947844,1956.6564191252537,21.4804625,-0.12746872816023824,-20.427680794909975,174131.0631601464,28.64064492502452,-0.050242574975477794,-8.051694707608622,4202.901368628395
2024-07-03 15:35:23.584315-03:00,4.0,5.0,2253.5680626681005,0.0,650,3.0,57.71017875867835,2273.836348684353,1692.4824561401776,b'ShiftInProcess',14182.584315,0,0.002525,28.877721628291283,-0.011603371708719834,-4.595394736126667,445.95525897130335,21.494527192980254,0.014064692980252147,5.570175437723623,962.6656943943885,28.620314395884876,-0.020330529139645392,-8.051694708770453,4202.901371054251
2024-07-03 15:35:23.593190-03:00,4.0,5.0,2247.941386246471,0.0,650,3.0,57.69217571902924,2270.625,1696.375,b'ShiftInProcess',14182.593190000001,0,0.008875,28.8369375,-0.040784128291281974,-4.595394737045857,445.9552593281107,21.5439625,0.04943530701974552,5.570175438844567,962.6656951692974,28.548855605330182,-0.07145879055469351,-8.051694710388002,4202.901374431626
2024-07-03 15:35:23.595495-03:00,4.0,5.0,2246.480035356358,0.0,650,3.0,57.6875,2267.2685265280015,1698.1363177625337,b'ShiftInProcess',14182.595495000001,0,0.002305,28.79431028690562,-0.04262721309438078,-18.49336793682463,116967.18585208658,21.56633123558418,0.0223687355841804,9.704440600512102,8869.150500288979,28.530296449025744,-0.018559156304437607,-8.05169470908356,4202.901371708003
2024-07-03 15:35:23.596055-03:00,4.0,5.0,2246.125,0.0,650,3.0,57.6875,2266.4530709359883,1698.5642301028972,b'ShiftInProcess',14182.596055,0,0.00056,28.783954000887054,-0.010356286018566863,-18.49336789029797,116967.18467499601,21.571765722306793,0.005434486722613485,9.70444057609551,8869.15041102905,28.525787500000003,-0.00450894902574106,-8.051694688823323,4202.9013294054685
2024-07-03 15:35:23.601860-03:00,4.0,5.0,2233.653900254837,0.0,650,3.0,57.6875,2258.0,1703.0,b'ShiftInProcess',14182.60186,0,0.005805,28.6766,-0.10735400088705305,-18.49336793919949,116967.18591216883,21.6281,0.05633427769320676,9.70444060175827,8869.150504844605,28.367404533236428,-0.15838296676357544,-27.283887470038835,554147.0155538378
2024-07-03 15:35:23.603820-03:00,4.0,5.0,2229.443158567911,0.0,650,3.0,57.6875,2255.751620947998,1699.6029925192584,b'ShiftInProcess',14182.60382,0,0.00196,28.64804558603958,-0.028554413960421243,-14.568578551235328,45047.29522848903,21.584958004994583,-0.043141995005417044,-22.011221941539308,234734.3307648662,28.31392811381247,-0.05347641942395853,-27.283887461203335,554147.0148360272
2024-07-03 15:35:23.611885-03:00,4.0,5.0,2212.116815857729,0.0,650,3.0,57.6875,2246.5,1685.625,b'ShiftInProcess',14182.611885,0,0.008065,28.53055,-0.11749558603957766,-14.56857855419438,45047.295265087596,21.4074375,-0.1775205049945825,-22.01122194601147,234734.3309556362,28.09388356139316,-0.22004455241930998,-27.283887466746435,554147.0152863577
2024-07-03 15:35:23.615605-03:00,4.0,5.0,2204.125,0.0,650,3.0,57.6875,2243.297904191579,1684.2791916167507,b'ShiftInProcess',14182.615605,0,0.00372,28.489883383233053,-0.040666616766948493,-10.931886227674326,14281.716659917498,21.390345733532733,-0.017091766467267178,-4.594560878297628,445.63166363036004,27.9923875,-0.10149606139315992,-27.283887471279545,554147.0156546351
2024-07-03 15:35:23.621905-03:00,4.0,5.0,2193.199004506021,0.0,650,3.0,57.6875,2237.875,1682.0,b'ShiftInProcess',14182.621905000002,0,0.0063,28.4210125,-0.06887088323305335,-10.931886227468786,14281.716658843403,21.361400000000003,-0.02894573353272989,-4.594560878211094,445.6316635967878,27.85362735722647,-0.13876014277353121,-22.0254194878621,235340.54469347806
2024-07-03 15:35:23.623745-03:00,4.0,5.0,2190.007920109993,0.0,650,3.0,57.6875,2234.681193807932,1678.461538463464,b'ShiftInProcess',14182.623745,0,0.00184,28.38045116136073,-0.04056133863926803,-22.044205782210884,236144.49513663474,21.316461538485992,-0.04493846151401115,-24.42307690978867,355796.36626682227,27.81310058539691,-0.04052677182955833,-22.025419472586048,235340.5440405826
2024-07-03 15:35:23.631915-03:00,4.0,5.0,2175.8388116681817,0.0,650,3.406872510003874,57.6875,2220.5,1662.75,b'ShiftInProcess',14182.631915000002,0,0.00817,28.20035,-0.1801011613607315,-22.04420579690716,236144.49576635935,21.116925,-0.19953653848599373,-24.423076926070223,355796.36721558357,27.63315290818591,-0.17994767721100047,-22.025419487270558,235340.5446681957
2024-07-03 15:35:23.635570-03:00,4.0,5.0,2169.5,0.0,650,3.588894422283441,57.6875,2214.4842892788374,1661.20049875364,b'ShiftInProcess',14182.63557,0,0.003655,28.123950473841234,-0.07639952615876666,-20.90274313509348,190903.1677541865,21.097246334171228,-0.019678665828770647,-5.384039898432462,840.2975131769441,27.55265,-0.08050290818590966,-22.025419476309075,235340.54419970408
2024-07-03 15:35:23.641940-03:00,4.0,5.0,2163.761617792664,0.0,650,3.9061254980252693,57.6875,2204.0,1658.5,b'ShiftInProcess',14182.641940000001,0,0.00637,27.9908,-0.13315047384123346,-20.9027431461905,190903.1681595794,21.06295,-0.034296334171227016,-5.384039901291525,840.2975149618221,27.479772545966828,-0.07287745403317203,-11.440730617452438,17132.275100358856
2024-07-03 15:35:23.643825-03:00,4.0,5.0,2162.063525099208,0.0,650,4.0,57.6875,2201.9769570708736,1653.6684974751454,b'ShiftInProcess',14182.643825000001,0,0.001885,27.965107354800097,-0.025692645199903552,-13.630050503927615,34513.56810834188,21.001589917934346,-0.06136008206565435,-32.55176767408719,1122789.4131064697,27.458206768759947,-0.02156577720688091,-11.440730613729926,17132.275078061295
2024-07-03 15:35:23.651840-03:00,4.0,5.0,2154.843252982798,0.0,650,4.0,57.6875,2193.375,1633.125,b'ShiftInProcess',14182.65184,0,0.008015,27.8558625,-0.10924485480009594,-13.630050505314529,34513.56812238947,20.7406875,-0.26090241793434643,-32.55176767739818,1122789.4135632867,27.366509312881536,-0.0916974558784105,-11.440730614898378,17132.27508506023
2024-07-03 15:35:23.655690-03:00,4.0,5.0,2151.375,0.0,650,4.0,57.6875,2186.4999999985776,1630.4738562086018,b'ShiftInProcess',14182.655690000001,0,0.00385,27.768549999981936,-0.08731250001806501,-22.678571433263638,264522.595987935,20.707017973849243,-0.03366952615075647,-8.745331467728953,5849.316207286142,27.322462500000004,-0.04404681288153256,-11.440730618579884,17132.275107112175
2024-07-03 15:35:23.662550-03:00,4.0,5.0,2147.1553163445446,0.0,650,4.0,57.6875,2174.25,1625.75,b'ShiftInProcess',14182.662550000001,0,0.00686,27.612975,-0.1555749999819369,-22.678571425938326,264522.5956461656,20.647025000000003,-0.05999297384924063,-8.745331464903883,5849.3161997279485,27.268872517575716,-0.05358998242428825,-7.811950790712573,3724.242875333749
2024-07-03 15:35:23.663690-03:00,4.0,5.0,2146.454086115849,0.0,650,4.0,57.6875,2172.450485698501,1629.056799784806,b'ShiftInProcess',14182.663690000001,0,0.00114,27.59012116837096,-0.02285383162903898,-20.047220727227174,161516.4232126444,20.689021357267034,0.041996357267031215,36.838909883360714,1841734.7447884968,27.25996689367128,-0.008905623904436055,-7.811950793364961,3724.24288039171
2024-07-03 15:35:23.664830-03:00,4.0,5.0,2145.752855887153,0.0,650,4.0,57.6875,2170.650971397002,1632.3635995696118,b'ShiftInProcess',14182.664830000002,0,0.00114,27.567267336741924,-0.022853831629035426,-20.047220727224058,161516.423212544,20.73101771453407,0.04199635726703477,36.83890988336383,1841734.7447891205,27.251061269766847,-0.008905623904432503,-7.811950793361845,3724.2428803857683
2024-07-03 15:35:23.671815-03:00,4.0,5.0,2141.4562829519605,0.0,650,4.0,57.6875,2159.625,1652.625,b'ShiftInProcess',14182.671815000002,0,0.006985,27.4272375,-0.14002983674192393,-20.047220721821606,161516.42303843814,20.9883375,0.25731978546593126,36.83890987343325,1841734.7428032316,27.196494793489897,-0.05456647627694977,-7.81195079125981,3724.2428763773005
2024-07-03 15:35:23.675605-03:00,4.0,5.0,2139.125,0.0,650,4.0,57.6875,2157.589910090524,1640.1304945092627,b'ShiftInProcess',14182.675605,0,0.00379,27.40139185814965,-0.02584564185034921,-6.819430567374462,2162.6809149485575,20.829657280267636,-0.15868021973236424,-41.86813185550508,3072800.274079684,27.166887499999998,-0.029607293489899433,-7.8119507888916715,3724.2428718613874
2024-07-03 15:35:23.681825-03:00,4.0,5.0,2134.859988879874,0.0,650,4.0,57.6875,2154.25,1619.625,b'ShiftInProcess',14182.681825000001,0,0.00622,27.358975,-0.04241685814965024,-6.819430570683318,2162.6809191459756,20.5692375,-0.260419780267636,-41.868131875825725,3072800.280045204,27.1127218587744,-0.05416564122559819,-8.70830244784537,5750.876171335579
2024-07-03 15:35:23.683695-03:00,4.0,5.0,2133.577742771606,0.0,650,4.0,57.6875,2152.617830423826,1643.617892769756,b'ShiftInProcess',14182.683695000002,0,0.00187,27.33824644638259,-0.020728553617409773,-11.084788030700414,15097.657568348397,20.873947238175905,0.3047097381759052,162.9463840512862,704983430.7259754,27.096437333199397,-0.016284525575002817,-8.708302446525572,5750.876167849254
2024-07-03 15:35:23.691850-03:00,4.0,5.0,2127.9859154924484,0.0,650,4.0,57.6875,2145.5,1748.25,b'ShiftInProcess',14182.691850000001,0,0.008155,27.24785,-0.09039644638259148,-11.084788029747575,15097.657563157267,22.202775,1.328827761824094,162.94638403728925,704983430.4837456,27.025421126754093,-0.07101620644530371,-8.708302445776052,5750.876165869353
2024-07-03 15:35:23.694160-03:00,4.0,5.0,2126.401964417676,0.0,650,4.0,57.6875,2142.097896039657,1747.5066831683284,b'ShiftInProcess',14182.694160000001,0,0.00231,27.204643279703642,-0.043206720296357304,-18.704207920501,122393.19904194419,22.193334876237774,-0.009440123762225028,-4.086633663300878,278.90919524427795,27.005304948104484,-0.020116178649608685,-8.708302445718045,5750.876165716124
2024-07-03 15:35:23.695840-03:00,4.0,5.0,2125.25,0.0,650,4.0,57.70603094704771,2139.623638614684,1746.9660891090905,b'ShiftInProcess',14182.69584,0,0.00168,27.173220210406487,-0.03142306929715488,-18.704207914973143,122393.19889725547,22.186469331685448,-0.0068655445523262415,-4.086633662098953,278.90919491615665,26.990675,-0.014629948104484924,-8.708302443145788,5750.876158921352
2024-07-03 15:35:23.701950-03:00,4.0,5.0,2120.07857503775,0.0,650,4.0,57.77342623663523,2130.625,1745.0,b'ShiftInProcess',14182.70195,0,0.00611,27.0589375,-0.11428271040648852,-18.704207922502214,122393.19909432494,22.1615,-0.02496933168544757,-4.086633663739374,278.90919536398565,26.924997902979424,-0.06567709702057556,-10.749115715315149,13350.297772008966
2024-07-03 15:35:23.703820-03:00,4.0,5.0,2118.4958312277226,0.0,650,4.0,57.79405294555943,2129.0760542167313,1747.9101405625047,b'ShiftInProcess',14182.70382,0,0.00187,27.03926588855249,-0.019671611447510173,-10.519578314176563,12245.973758953827,22.19845878514381,0.03695878514380979,19.764056226636253,152582.35827642787,26.904897056592077,-0.020100846387347104,-10.74911571515888,13350.297771232625
2024-07-03 15:35:23.711910-03:00,4.0,5.0,2111.6485598791996,0.0,650,4.0,57.883288279879594,2122.375,1760.5,b'ShiftInProcess',14182.71191,0,0.00809,26.954162500000002,-0.08510338855248634,-10.519578313039101,12245.973753657294,22.358349999999998,0.15989121485618796,19.764056224497892,152582.35821039364,26.817936710465837,-0.08696034612624004,-10.749115713997533,13350.2977654631
2024-07-03 15:35:23.715630-03:00,4.0,5.0,2108.5,0.0,650,4.0,57.92432109122102,2120.3744997496146,1746.4964982473023,b'ShiftInProcess',14182.71563,0,0.00372,26.928756146820103,-0.02540635317989981,-6.8296648333064,2175.6927501463792,22.18050552774074,-0.1778444722592596,-47.807653833134296,5223838.2930968655,26.77795,-0.03998671046583624,-10.749115716622644,13350.297778504548
2024-07-03 15:35:23.721905-03:00,4.0,5.0,2104.381001500667,0.0,650,4.0,57.99353638453124,2117.0,1722.875,b'ShiftInProcess',14182.721905,0,0.006275,26.8859,-0.04285614682010319,-6.829664831888954,2175.6927483401846,21.880512500000002,-0.29999302774073655,-47.807653823224946,5223838.288765773,26.725638719058473,-0.05231128094152737,-8.336459114187628,4829.770540089173
2024-07-03 15:35:23.723735-03:00,4.0,5.0,2103.17976369055,0.0,650,4.0,58.01372188044149,2115.0376558594835,1718.8818578535997,b'ShiftInProcess',14182.723735000001,0,0.00183,26.86097822941544,-0.0249217705845588,-13.618453871343606,34396.259471191384,21.829799594740717,-0.05071290525928518,-27.71197008704108,589752.2496395597,26.71038299886998,-0.01525572018849175,-8.3364591193944,4829.7705521554535
2024-07-03 15:35:23.731930-03:00,4.0,5.0,2097.800450112082,0.0,650,4.0,58.10411539896342,2106.25,1701.0,b'ShiftInProcess',14182.731930000002,0,0.008195,26.749374999999997,-0.11160322941544365,-13.618453863995565,34396.25939695532,21.602700000000002,-0.2270995947407144,-27.711970072082295,589752.2483661781,26.642065716423446,-0.0683172824465359,-8.336459114891507,4829.770541720358
2024-07-03 15:35:23.735625-03:00,4.0,5.0,2095.375,0.0,650,4.0,58.144872452151056,2103.394940179752,1703.1643195411555,b'ShiftInProcess',14182.735625000001,0,0.003695,26.713115740282856,-0.03625925971714139,-9.813060816547061,9272.950929415518,21.630186858172674,0.027486858172672157,7.438933199640638,3062.264045985706,26.6112625,-0.030803216423446855,-8.33645911324678,4829.770537908834
2024-07-03 15:35:23.741960-03:00,4.0,5.0,2090.726181591951,0.0,650,4.0,58.21474956500228,2098.5,1706.875,b'ShiftInProcess',14182.741960000001,0,0.006335,26.65095,-0.06216574028285393,-9.81306081813006,9272.950935399,21.677312500000003,0.04712564182732848,7.4389332008411175,3062.264047962434,26.552222506217777,-0.059039993782221245,-9.319651741471388,7543.948855658708
2024-07-03 15:35:23.743810-03:00,4.0,5.0,2089.368594526846,0.0,650,4.0,58.2351556674195,2096.6509245371894,1703.4542103938008,b'ShiftInProcess',14182.743810000002,0,0.00185,26.627466741622303,-0.02348325837769849,-12.693653177134319,25962.500173423607,21.63386847200127,-0.04344402799873137,-23.483258377692632,304111.90804672,26.534981150490946,-0.017241355726831387,-9.319651744233182,7543.948864601032
2024-07-03 15:35:23.751965-03:00,4.0,5.0,2083.3842039798446,0.0,650,4.0,58.32510797290742,2088.5,1688.375,b'ShiftInProcess',14182.751965000001,0,0.008155,26.52395,-0.10351674162230395,-12.69365317256946,25962.50013607734,21.4423625,-0.19150597200126995,-23.483258369254436,304111.9076096162,26.458979390544027,-0.07600175994691938,-9.31965174088527,7543.948853760937
2024-07-03 15:35:23.755725-03:00,4.0,5.0,2080.625,0.0,650,4.0,58.36658199726279,2085.7249297096723,1684.674906279563,b'ShiftInProcess',14182.755725,0,0.00376,26.48870660731284,-0.03524339268716048,-9.373242735946937,7718.971827265724,21.39537130975045,-0.04699119024955323,-12.497656981264157,24395.762812111378,26.4239375,-0.03504189054402573,-9.319651740432375,7543.948852294524
2024-07-03 15:35:23.762635-03:00,4.0,5.0,2075.2754909365985,0.0,650,4.0,58.44280154735018,2080.625,1677.875,b'ShiftInProcess',14182.762635000001,0,0.00691,26.4239375,-0.0647691073128378,-9.373242737024285,7718.9718308145575,21.3090125,-0.08635880975044685,-12.497656982698532,24395.762823311128,26.3559987348948,-0.06793876510520036,-9.831948640405262,9344.5502755848
2024-07-03 15:35:23.763775-03:00,4.0,5.0,2074.3929380662867,0.0,650,4.0,58.455376118569006,2079.698787959201,1676.1592301539301,b'ShiftInProcess',14182.763775000001,0,0.00114,26.412174607081855,-0.011762892918145695,-10.318327121180435,11335.408317516114,21.287222222954913,-0.021790277045088402,-19.11427810972667,133484.73465989227,26.344790313441845,-0.011208421452955974,-9.831948642943837,9344.550285235724
2024-07-03 15:35:23.764915-03:00,4.0,5.0,2073.510385195975,0.0,650,4.0,58.467950689787834,2078.7725759184023,1674.4434603078603,b'ShiftInProcess',14182.764915000002,0,0.00114,26.400411714163706,-0.011762892918149248,-10.318327121183552,11335.408317529813,21.265431945909825,-0.021790277045088402,-19.11427810972667,133484.73465989227,26.333581891988878,-0.011208421452966633,-9.831948642953186,9344.550285271265
2024-07-03 15:35:23.772020-03:00,4.0,5.0,2068.0099131426364,0.0,650,4.0,58.54632115335839,2073.0,1663.75,b'ShiftInProcess',14182.77202,0,0.007105,26.327099999999998,-0.07331171416370807,-10.318327116637308,11335.408297552336,21.129625,-0.1358069459098239,-19.1142781013123,133484.73442484502,26.26372589691148,-0.06985599507739693,-9.831948638620256,9344.550268798728
2024-07-03 15:35:23.775585-03:00,4.0,5.0,2065.25,0.0,650,4.0,58.585644264230595,2070.7261755873046,1674.45035017739,b'ShiftInProcess',14182.775585000001,0,0.003565,26.29822242995877,-0.02887757004122804,-8.100300151817121,4305.310187393515,21.265519447252853,0.13589444725285205,38.11905953796691,2111391.210302944,26.228675000000003,-0.035050896911478446,-9.831948642770953,9344.550284578469
2024-07-03 15:35:23.782015-03:00,4.0,5.0,2060.212928695022,0.0,650,4.0,58.65656925801004,2066.625,1693.75,b'ShiftInProcess',14182.782015,0,0.00643,26.2461375,-0.05208492995877023,-8.1003001491089,4305.310181635836,21.510625,0.24510555274714818,38.119059525217445,2111391.2074782033,26.16470419442678,-0.06397080557322354,-9.948803355089199,9796.780717443246
2024-07-03 15:35:23.783695-03:00,4.0,5.0,2058.8968665192774,0.0,650,4.0,58.675100205057745,2066.552492447157,1689.9433534757522,b'ShiftInProcess',14182.783695,0,0.00168,26.24521665407889,-0.0009208459211080822,-0.5481225720881441,0.09026320457377145,21.462280589142054,-0.04834441085794694,-28.776435034492224,685721.8081398983,26.147990204794826,-0.016713989631952586,-9.94880335235273,9796.78070666463
2024-07-03 15:35:23.793600-03:00,4.0,5.0,2051.137583271367,0.0,650,4.0,58.78435558040792,2066.125,1667.5,b'ShiftInProcess',14182.7936,0,0.009905,26.239787500000002,-0.005429154078889553,-0.5481225723260528,0.09026320473048385,21.17725,-0.28503058914205326,-28.77643504715328,685721.809346714,26.049447307546362,-0.0985428972484641,-9.948803356735397,9796.780723927419
2024-07-03 15:35:23.794735-03:00,4.0,5.0,2050.248457931739,0.0,650,4.0,58.796875,2065.4438670958175,1667.599677985978,b'ShiftInProcess',14182.794735000001,0,0.001135,26.23113711211688,-0.008650387883122335,-7.621487121693687,3374.107230231534,21.17851591042192,0.0012659104219174822,1.1153395787819227,1.547492151792228,26.038155415733083,-0.011291891813279165,-9.948803359717326,9796.780735672875
2024-07-03 15:35:23.795850-03:00,4.0,5.0,2049.375,0.0,650,4.0,58.7791476290583,2064.7747365343425,1667.6975995315597,b'ShiftInProcess',14182.79585,0,0.001115,26.22263915398615,-0.008497958130728733,-7.621487112761195,3374.107214413526,21.179759514050808,0.0012436036288896446,1.1153395774795019,1.5474921445639864,26.0270625,-0.011092915733083686,-9.948803348057117,9796.780689744734
2024-07-03 15:35:23.802140-03:00,4.0,5.0,2045.005841120716,0.0,650,4.0,58.67914299826697,2061.0,1668.25,b'ShiftInProcess',14182.802140000002,0,0.00629,26.1747,-0.04793915398614956,-7.6214871202145575,3374.1072276122327,21.186775,0.007015485949192879,1.1153395785680253,1.5474921506051296,25.971574182233095,-0.05548831776690477,-8.821672141002349,6056.248020517346
2024-07-03 15:35:23.803850-03:00,4.0,5.0,2043.818041172189,0.0,650,4.0,58.65195572982736,2060.6561085975513,1670.528280541221,b'ShiftInProcess',14182.80385,0,0.00171,26.1703325791889,-0.004367420811099976,-2.554047257953202,42.55158241114045,21.215709162873505,0.028934162873504476,16.920563083920747,81970.81360681461,25.956489122886797,-0.015085059346297669,-8.821672132337818,6056.247996723878
2024-07-03 15:35:23.812085-03:00,4.0,5.0,2038.0978466778768,0.0,650,4.0,58.52102756853512,2059.0,1681.5,b'ShiftInProcess',14182.812085000001,0,0.008235,26.149300000000004,-0.02103257918889767,-2.5540472603397295,42.55158257018296,21.35505,0.13934083712649326,16.92056309975632,81970.81391367312,25.883842652809037,-0.07264647007776048,-8.821672140590223,6056.248019385618
2024-07-03 15:35:23.815645-03:00,4.0,5.0,2035.625,0.0,650,4.0,58.46442717338877,2056.9250992068205,1692.1393849182189,b'ShiftInProcess',14182.815645,0,0.00356,26.12294875992662,-0.026351240073385185,-7.402033728478985,3001.955421546763,21.490170188461377,0.13512018846137863,37.95510911836479,2075300.436042252,25.8524375,-0.031405152809036,-8.821672137369662,6056.248010541708
2024-07-03 15:35:23.822165-03:00,4.0,5.0,2031.0881394177152,0.0,650,4.0,58.360765775500084,2053.125,1711.625,b'ShiftInProcess',14182.822165000001,0,0.00652,26.0746875,-0.048261259926619005,-7.402033731076535,3001.9554257605932,21.7376375,0.24746731153862456,37.95510913169088,2075300.438956816,25.794819370604984,-0.05761812939501709,-8.837136410278696,6098.825890872094
2024-07-03 15:35:23.823765-03:00,4.0,5.0,2029.974799397942,0.0,650,4.0,58.335327395659675,2052.597966833404,1709.5895615634915,b'ShiftInProcess',14182.823765000001,0,0.0016,26.067994178784232,-0.006693321215767156,-4.183325759854473,306.25750450314297,21.711787431856344,-0.025850068143657978,-16.156292589786236,68134.46317395686,25.78067995235386,-0.014139418251122748,-8.837136406951718,6098.825881687825
2024-07-03 15:35:23.832040-03:00,4.0,5.0,2024.2167439816344,0.0,650,4.0,58.203763274887336,2049.8722171741856,1699.0625283968543,b'ShiftInProcess',14182.832040000001,0,0.008275,26.033377158112156,-0.03461702067207639,-4.1833257609759995,306.25750483156685,21.57809411064005,-0.1336933212162954,-16.156292594114248,68134.46324696537,25.707552648566757,-0.07312730378710341,-8.837136409317633,6098.8258882190385
2024-07-03 15:35:23.833170-03:00,4.0,5.0,2023.4304475920842,0.0,650,4.0,58.18579741911168,2049.5,1697.625,b'ShiftInProcess',14182.833170000002,0,0.00113,26.02865,-0.0047271581121570705,-4.183325762970859,306.2575054157343,21.5598375,-0.01825661064004791,-16.15629260181231,68134.46337682274,25.69756668441947,-0.009985964147286808,-8.83713641352815,6098.825899842354
2024-07-03 15:35:23.835585-03:00,4.0,5.0,2021.75,0.0,650,4.0,58.14740136454603,2046.0920033214775,1708.5506364105574,b'ShiftInProcess',14182.835585,0,0.002415,25.985368442182768,-0.043281557817230976,-17.921970110654648,103167.52093348464,21.698593082414078,0.1387555824140776,57.45572770769258,10897661.6134755,25.676225,-0.021341684419471818,-8.837136405578393,6098.825877896702
2024-07-03 15:35:23.842205-03:00,4.0,5.0,2016.4497269116707,0.0,650,4.0,58.04215006792816,2036.75,1738.5,b'ShiftInProcess',14182.842205,0,0.00662,25.866725,-0.11864344218276912,-17.92197011824307,103167.52110821515,22.078950000000003,0.3803569175859245,57.45572773201276,10897661.63192679,25.608911531778215,-0.06731346822178352,-10.168197616583614,10689.955864989253
2024-07-03 15:35:23.843830-03:00,4.0,5.0,2015.14867800343,0.0,650,4.0,58.01631421338377,2036.2023839238402,1741.4814653035364,b'ShiftInProcess',14182.843830000002,0,0.001625,25.859770275832773,-0.0069547241672260895,-4.279830256754517,335.5105483764221,22.11681460935491,0.03786460935490865,23.30129806455917,294795.236212956,25.592388210643563,-0.01652332113465249,-10.16819762132461,10689.955884926334
2024-07-03 15:35:23.852220-03:00,4.0,5.0,2008.431262413503,0.0,650,4.0,57.88292170907721,2033.375,1756.875,b'ShiftInProcess',14182.85222,0,0.00839,25.8238625,-0.03590777583277216,-4.279830254204072,335.5105475766696,22.3123125,0.1954978906450897,23.301298050666237,294795.235509893,25.507077032651488,-0.08531117799207522,-10.168197615265223,10689.955859445088
2024-07-03 15:35:23.855725-03:00,4.0,5.0,2005.625,0.0,650,4.0,57.82719575821601,2024.188175833444,1746.9878349776975,b'ShiftInProcess',14182.855725000001,0,0.003505,25.707189833084737,-0.11667266691526379,-33.287494127036744,1227790.9030899424,22.18674550421676,-0.1255669957832417,-35.82510578694485,1647213.6251444076,25.4714375,-0.035639532651487116,-10.1681976181133,10689.95587142197
2024-07-03 15:35:23.862855-03:00,4.0,5.0,2000.9188772943987,0.0,650,4.0,57.71383597802437,2005.5,1726.875,b'ShiftInProcess',14182.862855000001,0,0.00713,25.469849999999997,-0.23733983308473938,-33.28749412128182,1227790.902240873,21.9313125,-0.2554330042167585,-35.82510578075154,1647213.624005351,25.411669741638864,-0.05976775836113646,-8.38257480520848,4937.53003963711
2024-07-03 15:35:23.864015-03:00,4.0,5.0,2000.1532247926336,0.0,650,4.0,57.69539315263863,2001.69569892527,1725.159946236802,b'ShiftInProcess',14182.864015000001,0,0.00116,25.42153537635093,-0.048314623649066135,-41.65053762850529,3009417.532216457,21.909531317207385,-0.02178118279261554,-18.776881717772017,124306.51244729925,25.401945954866445,-0.009723786772418919,-8.382574803809412,4937.530036340779
2024-07-03 15:35:23.865145-03:00,4.0,5.0,1999.407373648176,0.0,650,4.0,57.677427296862966,1997.9897849448319,1723.4892473111947,b'ShiftInProcess',14182.865145000002,0,0.00113,25.374470268799364,-0.047065107551567564,-41.650537656254485,3009417.5402364177,21.888313440852176,-0.021217876355208887,-18.776881730273352,124306.51277834407,25.392473645331833,-0.009472309534611867,-8.382574809391032,4937.530049491592
2024-07-03 15:35:23.872155-03:00,4.0,5.0,1994.7804563742056,0.0,650,4.0,57.56597539516948,1975.0,1713.125,b'ShiftInProcess',14182.872155000001,0,0.00701,25.0825,-0.29197026879936416,-41.65053763186365,3009417.533187077,21.756687499999998,-0.13162594085217805,-18.7768817192836,124306.51248732713,25.333711795952414,-0.05876184937941886,-8.382574804482006,4937.530037925473
2024-07-03 15:35:23.875610-03:00,4.0,5.0,1992.5,0.0,650,4.0,57.51104439368733,1963.788067897873,1712.305666500229,b'ShiftInProcess',14182.875610000001,0,0.003455,24.940108462302984,-0.14239153769701574,-41.21318023068473,2884991.336085024,21.74628196455291,-0.010405535447087999,-3.011732401472648,82.27455181666068,25.304750000000002,-0.028961795952412217,-8.382574805329151,4937.530039921424
2024-07-03 15:35:23.882170-03:00,4.0,5.0,1988.3039215686047,0.0,650,4.0,57.406747036318535,1942.5,1710.75,b'ShiftInProcess',14182.88217,0,0.00656,24.66975,-0.2703584623029833,-41.21318022911331,2884991.335645017,21.726525,-0.019756964552911427,-3.0117324013584494,82.27455180418198,25.25145980392128,-0.05329019607872354,-8.123505499805418,4354.857166876489
2024-07-03 15:35:23.883750-03:00,4.0,5.0,1987.2932807268007,0.0,650,4.0,57.38162663621818,1937.391059027451,1708.7955729165417,b'ShiftInProcess',14182.88375,0,0.00158,24.60486644964863,-0.06488355035137161,-41.06553819707064,2843872.2004509163,21.701703776040077,-0.024821223959921923,-15.709635417672104,60906.609604466015,25.238624665230372,-0.012835138690906689,-8.123505500573854,4354.857168524265
2024-07-03 15:35:23.893690-03:00,4.0,5.0,1980.935198469342,0.0,650,4.0,57.22359070142135,1905.25,1696.5,b'ShiftInProcess',14182.89369,0,0.00994,24.196675,-0.40819144964862986,-41.065538194027155,2843872.199607847,21.54555,-0.15615377604007818,-15.709635416506861,60906.60958639534,25.157877020560644,-0.08074764466972795,-8.123505499972632,4354.85716723505
2024-07-03 15:35:23.895960-03:00,4.0,5.0,1979.4832018164204,0.0,650,4.0,57.1875,1894.9863476173814,1695.6002642391861,b'ShiftInProcess',14182.895960000002,0,0.00227,24.066326614740746,-0.13034838525925352,-57.42219614945089,10872244.073708447,21.534123355837664,-0.011426644162334298,-5.033763948164889,642.0537458322578,25.139436663068537,-0.01844035749210704,-8.123505503130856,4354.857174007306
2024-07-03 15:35:23.896520-03:00,4.0,5.0,1979.125,0.0,650,4.0,57.188638581649705,1892.4543452748392,1695.3783029948722,b'ShiftInProcess',14182.89652,0,0.00056,24.034170184990458,-0.03215642975028743,-57.42219598265613,10872243.947385632,21.531304448034877,-0.0028189078027871517,-5.033763933548485,642.0537383750016,25.1348875,-0.004549163068535478,-8.12350547952764,4354.857123394362
2024-07-03 15:35:23.902205-03:00,4.0,5.0,1974.5199568853307,0.0,650,4.0,57.20019721860508,1866.75,1693.125,b'ShiftInProcess',14182.902205,0,0.005685,23.707725,-0.32644518499045816,-57.422196128488686,10872244.05783262,21.5026875,-0.0286169480348768,-5.0337639463283725,642.0537448952712,25.0764034524437,-0.05848404755630199,-10.28743140832049,11200.25241420704
2024-07-03 15:35:23.903840-03:00,4.0,5.0,1973.1955513453436,0.0,650,4.0,57.2035214703954,1861.688898556607,1692.2713202384639,b'ShiftInProcess',14182.90384,0,0.001635,23.64344901166891,-0.06427598833109016,-39.31253108935178,2388493.2867329917,21.49184576702849,-0.010841732971510254,-6.631029340373244,1933.4092772302429,25.05958350208586,-0.016819950357838565,-10.287431411522059,11200.252428149637
2024-07-03 15:35:23.912260-03:00,4.0,5.0,1966.3750653250333,0.0,650,4.0,57.22064085881478,1835.625,1687.875,b'ShiftInProcess',14182.912260000001,0,0.00842,23.3124375,-0.3310115116689083,-39.31253107706749,2388493.2837475883,21.4360125,-0.055833267028489786,-6.63102933830045,1933.4092748127844,24.972963329627927,-0.08662017245793407,-10.287431408305709,11200.25241414267
2024-07-03 15:35:23.915655-03:00,4.0,5.0,1963.625,0.0,650,4.0,57.227543510082995,1825.3807356612476,1688.0866583541065,b'ShiftInProcess',14182.915655,0,0.003395,23.182335342897847,-0.13010215710215434,-38.321695759102894,2156646.0512531623,21.438700561097153,0.0026880610971531382,0.791770573535534,0.39300441383264045,24.9380375,-0.034925829627926674,-10.287431407342172,11200.252409946537
2024-07-03 15:35:23.922285-03:00,4.0,5.0,1959.529854005486,0.0,650,4.0,57.24102350357664,1805.375,1688.5,b'ShiftInProcess',14182.922285,0,0.00663,22.9282625,-0.25407284289784826,-38.32169576136475,2156646.051762328,21.44395,0.005249438902847459,0.7917705735818188,0.39300441392453633,24.88602914586967,-0.05200835413032934,-7.8443973047253905,3786.5031911700094
2024-07-03 15:35:23.923785-03:00,4.0,5.0,1958.603350386609,0.0,650,4.0,57.24407327586096,1802.270383843163,1688.368289011528,b'ShiftInProcess',14182.923785,0,0.0015,22.88883387480817,-0.039428625191828104,-26.285750127885404,477398.99534499826,21.442277270446407,-0.0016727295535936548,-1.1151530357291033,1.5464571253241155,24.874262549909936,-0.011766595959734616,-7.844397306489744,3786.5031945766336
2024-07-03 15:35:23.932250-03:00,4.0,5.0,1953.3747816313207,0.0,650,4.0,57.26128415745024,1784.75,1687.625,b'ShiftInProcess',14182.932250000002,0,0.008465,22.666325,-0.22250887480817028,-26.285750125005347,477398.99513576913,21.4328375,-0.00943977044640576,-1.1151530356061146,1.5464571246418888,24.807859726717773,-0.0664028231921634,-7.844397305630643,3786.503192917877
2024-07-03 15:35:23.935690-03:00,4.0,5.0,1951.25,0.0,650,4.0,57.26827830188465,1778.836696564063,1685.2253986057067,b'ShiftInProcess',14182.93569,0,0.00344,22.5912260463636,-0.07509895363639885,-21.831091173371757,227144.26367484994,21.402362562292474,-0.030474937707527516,-8.858993519630092,6159.387622865291,24.780875,-0.026984726717770968,-7.844397301677607,3786.5031852853294
2024-07-03 15:35:23.942285-03:00,4.0,5.0,1946.7272443887416,0.0,650,4.0,57.28168713402681,1767.5,1680.625,b'ShiftInProcess',14182.942285000001,0,0.006595,22.44725,-0.14397604636360128,-21.83109118477654,227144.2641494998,21.343937500000003,-0.05842506229247135,-8.85899352425646,6159.387635731582,24.723436003737017,-0.05743899626298443,-8.709476309777775,5753.977625267439
2024-07-03 15:35:23.943865-03:00,4.0,5.0,1945.643703241592,0.0,650,4.0,57.284899560832514,1764.5370094385707,1682.6264903130184,b'ShiftInProcess',14182.943865000001,0,0.00158,22.40962001986985,-0.03762998013015206,-23.81644312034941,321741.88964654395,21.369356426975333,0.025418926975330436,16.08792846539901,66988.53899828764,24.709675031168217,-0.013760972568800156,-8.709476309367187,5753.977624182405
2024-07-03 15:35:23.952350-03:00,4.0,5.0,1939.8248129673657,0.0,650,4.0,57.30215110605122,1748.625,1693.375,b'ShiftInProcess',14182.952350000001,0,0.008485,22.2075375,-0.2020825198698475,-23.81644311960489,321741.88960631256,21.5058625,0.1365060730246661,16.087928464898777,66988.53898995595,24.635775124685544,-0.07389990648267286,-8.70947630909521,5753.977623463673
2024-07-03 15:35:23.955740-03:00,4.0,5.0,1937.5,0.0,650,4.0,57.30904359141208,1744.672927461025,1705.3509773908334,b'ShiftInProcess',14182.955740000001,0,0.00339,22.157346178755017,-0.050191321244984266,-14.805699482296244,48052.47044731146,21.657957412863585,0.15209491286358556,44.8657560069574,4051911.590005365,24.60625,-0.029525124685545023,-8.709476308420362,5753.977621680298
2024-07-03 15:35:23.962965-03:00,4.0,5.0,1932.3250188492582,0.0,650,4.0,57.32373332791062,1736.25,1730.875,b'ShiftInProcess',14182.962965,0,0.007225,22.050375,-0.1069711787550176,-14.805699481663337,48052.47043909496,21.9821125,0.3241550871364147,44.865756005040105,4051911.5893127476,24.54052773938558,-0.0657222606144181,-9.096506659435033,6846.972241272245
2024-07-03 15:35:23.964115-03:00,4.0,5.0,1931.5013194272326,0.0,650,4.0,57.326071486661554,1735.2824519230344,1727.2966079058258,b'ShiftInProcess',14182.964115,0,0.00115,22.038087139422537,-0.01228786057746234,-10.685096154315078,13035.081137325744,21.93666692040399,-0.04544557959600937,-39.51789530087771,2438794.6019738456,24.530066756725855,-0.01046098265972617,-9.096506660631453,6846.972244874445
2024-07-03 15:35:23.965255-03:00,4.0,5.0,1930.6847826086957,0.0,650,4.0,57.32838931359779,1734.3233173073947,1723.7493322638568,b'ShiftInProcess',14182.965255000001,0,0.00114,22.025906129803914,-0.01218100961862234,-10.685096156686264,13035.081148896477,21.891616519750983,-0.04505040065300747,-39.51789530965568,2438794.604140728,24.519696739130435,-0.010370017595420222,-9.096506662649318,6846.972250949861
2024-07-03 15:35:23.972325-03:00,4.0,5.0,1925.6208218146317,0.0,650,4.0,57.34276390696091,1728.375,1701.75,b'ShiftInProcess',14182.972325,0,0.00707,21.9503625,-0.0755436298039136,-10.685096153311683,13035.081132429454,21.612225000000002,-0.2793915197509804,-39.51789529716838,2438794.6010581795,24.455384437045822,-0.06431230208461258,-9.096506659775471,6846.972242297243
2024-07-03 15:35:23.975635-03:00,4.0,5.0,1923.25,0.0,650,4.0,57.34949373780038,1723.3736263735248,1701.915334665338,b'ShiftInProcess',14182.975635,0,0.00331,21.886845054943763,-0.06351744505623813,-19.189560439951098,135600.1304215374,21.614324750249793,0.0020997502497905884,0.6343656343778212,0.16194166169282412,24.425275,-0.03010943704582303,-9.096506660369496,6846.9722440857395
2024-07-03 15:35:23.982335-03:00,4.0,5.0,1919.9467291968513,0.0,650,4.0,57.363116054000706,1713.25,1702.25,b'ShiftInProcess',14182.982335,0,0.0067,21.758275,-0.1285700549437614,-19.189560439367373,135600.1304050382,21.618575,0.004250249750207047,0.6343656343592607,0.16194166167387156,24.38332346080001,-0.04195153919998873,-6.261423761192347,1537.0655468083141
2024-07-03 15:35:23.983755-03:00,4.0,5.0,1919.2466329965214,0.0,650,4.0,57.36600317176364,1713.0132281012873,1704.380947088415,b'ShiftInProcess',14182.983755000001,0,0.00142,21.75526799688635,-0.0030070031136517628,-2.117607826515326,20.108613818369307,21.645638028022873,0.02706302802287297,19.058470438642935,131932.61526245953,24.374432239055825,-0.008891221744185884,-6.261423763511186,1537.0655490852446
2024-07-03 15:35:23.993580-03:00,4.0,5.0,1914.4026575280627,0.0,650,4.0,57.38597918022018,1711.375,1719.125,b'ShiftInProcess',14182.99358,0,0.009825,21.7344625,-0.020805496886350028,-2.1176078255827,20.108613782944776,21.832887500000002,0.18724947197712893,19.05847043024213,131932.61502984064,24.3129137506064,-0.0615184884494262,-6.261423760755847,1537.0655463797032
2024-07-03 15:35:23.995865-03:00,4.0,5.0,1913.2760942762875,0.0,650,4.0,57.390625,1709.5542828681382,1715.8086937955375,b'ShiftInProcess',14182.995865,0,0.002285,21.711339392425355,-0.023123107574644308,-10.119521914505167,10486.727452079267,21.790770411203326,-0.04211708879667597,-18.431986344278325,115421.99058587302,24.298606397308852,-0.014307353297546399,-6.261423762602362,1537.0655481928463
2024-07-03 15:35:23.996425-03:00,4.0,5.0,1913.0,0.0,650,4.0,57.393456715212416,1709.1080677283726,1714.9959447909644,b'ShiftInProcess',14182.996425000001,0,0.00056,21.705672460150332,-0.005666932275023129,-10.119521919684159,10486.727473546951,21.78044849884525,-0.010321912358076446,-18.43198635370794,115421.99082206788,24.2951,-0.003506397308850495,-6.261423765804456,1537.0655513370693
2024-07-03 15:35:24.002365-03:00,4.0,5.0,1908.1672741482182,0.0,650,4.0,57.423493122974996,1704.375,1706.375,b'ShiftInProcess',14183.002365,0,0.00594,21.6455625,-0.06010996015033143,-10.119521910830207,10486.727436846013,21.6709625,-0.10948599884524768,-18.431986337583783,115421.99041818685,24.23372438168237,-0.06137561831762994,-10.332595676368678,11398.23854040166
2024-07-03 15:35:24.003845-03:00,4.0,5.0,1906.9631606354844,0.0,650,4.0,57.43097694174935,1703.3410678636753,1705.8764970057007,b'ShiftInProcess',14183.003845000001,0,0.00148,21.632431561868678,-0.013130938131322267,-8.872255494136667,6196.353109083311,21.6646315119724,-0.006330988027603013,-4.277694613245279,334.84136783896724,24.21843214007065,-0.01529224161172138,-10.332595683595526,11398.238572290391
2024-07-03 15:35:24.012385-03:00,4.0,5.0,1900.0151002356251,0.0,650,4.0,57.47416059870193,1697.375,1703.0,b'ShiftInProcess',14183.012385,0,0.00854,21.5566625,-0.0757690618686766,-8.872255488135433,6196.353092318347,21.6281,-0.03653151197239879,-4.277694610351146,334.8413669328012,24.13019177299244,-0.08824036707821037,-10.332595676605429,11398.238541446333
2024-07-03 15:35:24.015630-03:00,4.0,5.0,1897.375,0.0,650,4.0,57.49056937702774,1697.6586538462516,1703.3646978023237,b'ShiftInProcess',14183.015630000002,0,0.003245,21.560264903847397,0.003602403847395408,1.1101398605224677,1.518835664963355,21.632731662089512,0.004631662089511934,1.4273226778156962,4.150387670910099,24.0966625,-0.03352927299243902,-10.332595683340221,11398.238571163849
2024-07-03 15:35:24.022395-03:00,4.0,5.0,1893.5630165287816,0.0,650,4.0,57.52477750809629,1698.25,1704.125,b'ShiftInProcess',14183.022395000002,0,0.006765,21.567775,0.007510096152604007,1.1101398599562464,1.5188356618646568,21.6423875,0.00965583791048985,1.4273226770864524,4.150387662428081,24.048250309915527,-0.048412190084473394,-7.156273478857855,2622.694560735574
2024-07-03 15:35:24.023715-03:00,4.0,5.0,1892.819214876211,0.0,650,4.0,57.53145226537482,1697.3113772459117,1702.3136227552682,b'ShiftInProcess',14183.023715000001,0,0.00132,21.55585449102308,-0.011920508976920985,-9.030688618879534,6650.946764607362,21.619383008991907,-0.023004491008094874,-17.427644703102178,92247.53917761656,24.038804028927878,-0.009446280987649658,-7.156273475492165,2622.6945558016228
2024-07-03 15:35:24.032415-03:00,4.0,5.0,1887.916885800027,0.0,650,3.565543071140976,57.575444983823225,1691.125,1690.375,b'ShiftInProcess',14183.032415000001,0,0.0087,21.4772875,-0.07856699102308085,-9.030688623342627,6650.946777755326,21.4677625,-0.1516205089919076,-17.42764471171352,92247.53935994183,23.976544449660345,-0.06225957926753267,-7.156273479026744,2622.6945609831578
2024-07-03 15:35:24.035595-03:00,4.0,5.0,1886.125,0.0,650,3.406741573026972,57.59152508090917,1691.9560104529598,1688.7525510204118,b'ShiftInProcess',14183.035595000001,0,0.00318,21.48784133275259,0.01055383275259203,3.318815331003783,121.31998570080347,21.44715739795923,-0.020605102040768486,-6.479591836719649,1762.749492821716,23.9537875,-0.02275694966034436,-7.156273478095711,2622.694559618305
2024-07-03 15:35:24.042460-03:00,4.0,5.0,1881.9078555477495,0.0,650,3.0639200998960674,57.62623887540457,1693.75,1685.25,b'ShiftInProcess',14183.04246,0,0.006865,21.510625,0.022783667247409767,3.3188153310138047,121.31998570226887,21.402675,-0.044482397959232145,-6.479591836741755,1762.7494928457716,23.90022976545642,-0.05355773454358115,-7.80156366257555,3704.4746494671385
2024-07-03 15:35:24.043740-03:00,4.0,5.0,1881.1215562176574,0.0,650,3.0,57.63271136731604,1692.6912345676383,1686.1981481483838,b'ShiftInProcess',14183.043740000001,0,0.00128,21.497178679009007,-0.013446320990993854,-10.504938274213949,12177.945315510526,21.414716481484476,0.012041481484477146,9.40740740974777,7832.128609087328,23.89024376396425,-0.00998600149216955,-7.80156366575746,3704.4746555106985
2024-07-03 15:35:24.052585-03:00,4.0,5.0,1875.6881049889962,0.0,650,3.0,57.67743729773843,1685.375,1692.75,b'ShiftInProcess',14183.052585000001,0,0.008845,21.4042625,-0.09291617900900562,-10.504938271227317,12177.945301661408,21.497925,0.08320851851552291,9.407407407068728,7832.128600165596,23.821238933360252,-0.06900483060399765,-7.801563663538456,3704.474651296034
2024-07-03 15:35:24.055740-03:00,4.0,5.0,1873.75,0.0,650,3.0,57.693390978969965,1684.5999064107225,1700.279480581553,b'ShiftInProcess',14183.055740000002,0,0.003155,21.394418811416177,-0.009843688583824672,-3.1200280772819884,94.76195438340649,21.593549403385722,0.09562440338572387,30.30884417931026,843873.7930721919,23.796625000000002,-0.024613933360249973,-7.801563664104588,3704.474652371317
2024-07-03 15:35:24.063270-03:00,4.0,5.0,1868.0972747925127,0.0,650,3.0,57.73146743527551,1682.75,1718.25,b'ShiftInProcess',14183.06327,0,0.00753,21.370925,-0.023493811416177124,-3.120028076517546,94.76195429053547,21.821775,0.22822559661427633,30.308844171882644,843873.7922449785,23.724835389864914,-0.07178961013508811,-9.533812766943973,8261.643953242155
2024-07-03 15:35:24.064415-03:00,4.0,5.0,1867.2377302553966,0.0,650,3.0,57.737257281554754,1682.4588463597138,1714.9400428262204,b'ShiftInProcess',14183.064415,0,0.001145,21.367227348768367,-0.0036976512316329035,-3.229389721950134,108.76316447012078,21.779738543893,-0.0420364561069988,-36.713062102182356,1816696.7351872823,23.71391917424354,-0.010916215621374903,-9.533812769759741,8261.643963002314
2024-07-03 15:35:24.066129999-03:00,4.0,5.0,1865.950290184472,0.0,650,3.0,57.74592940938819,1682.0227516059065,1709.9823340460957,b'ShiftInProcess',14183.066130000001,0,0.001714999,21.361688945395013,-0.005538403373353873,-3.229391605099404,108.763418161958,21.716775642385418,-0.0629629015075821,-36.71308351059219,1816700.9726570053,23.697568685342794,-0.016350488900744864,-9.533818329191366,8261.663233397487
2024-07-03 15:35:24.072610-03:00,4.0,5.0,1861.0857935908891,0.0,650,3.0,57.778696399679646,1680.375,1691.25,b'ShiftInProcess',14183.072610000001,0,0.006480001,21.3407625,-0.02092644539501265,-3.2293892230900347,108.76309726536057,21.478875,-0.2379006423854193,-36.7130564309202,1816695.6126482761,23.635789578604292,-0.061779106738502065,-9.533811297020181,8261.638858120406
2024-07-03 15:35:24.075555-03:00,4.0,5.0,1858.875,0.0,650,3.0,57.793588187706526,1679.5663379929476,1685.1482775831505,b'ShiftInProcess',14183.075555000001,0,0.002945,21.330492492510434,-0.010270007489566524,-3.487269096627003,147.89103378928365,21.401383125306012,-0.07749187469398677,-26.31303045636223,479383.9324218408,23.607712499999998,-0.028077078604294314,-9.533812768860548,8261.643959885485
2024-07-03 15:35:24.082625-03:00,4.0,5.0,1855.6542415662739,0.0,650,3.0,57.8293385922357,1677.625,1670.5,b'ShiftInProcess',14183.082625000001,0,0.00707,21.3058375,-0.02465499251043468,-3.487269096242529,147.8910337240633,21.215349999999997,-0.18603312530601457,-26.31303045346741,479383.93221088353,23.566808867891677,-0.040903632108321375,-5.785520807400477,1120.3915878681662
2024-07-03 15:35:24.084370-03:00,4.0,5.0,1854.8593018964366,0.0,650,3.0,57.838162419094424,1677.2874374147634,1674.8684569854136,b'ShiftInProcess',14183.08437,0,0.001745,21.301550455167497,-0.004287044832501863,-2.4567592163334457,36.42926221711695,21.270829403714753,0.055479403714755904,31.79335456433003,1021751.8049291666,23.556713134084745,-0.010095733806931406,-5.785520806264416,1120.3915869881534
2024-07-03 15:35:24.093610-03:00,4.0,5.0,1850.649993843675,0.0,650,3.0,57.884885720071715,1675.5,1698.0,b'ShiftInProcess',14183.093610000002,0,0.00924,21.278850000000002,-0.022700455167495193,-2.4567592172613844,36.429262272155505,21.564600000000002,0.29377059628524904,31.793354576325655,1021751.8064711933,23.503254921814673,-0.053458212270072636,-5.785520808449419,1120.3915886806953
2024-07-03 15:35:24.094745-03:00,4.0,5.0,1850.132941394172,0.0,650,3.0,57.890625,1675.0764925377787,1699.8195135413953,b'ShiftInProcess',14183.094745,0,0.001135,21.27347145522979,-0.005378544770213267,-4.73880596494561,504.28460006903356,21.58770782197572,0.023107821975717258,20.35931451605045,171811.64899295833,23.49668835570598,-0.006566566108691774,-5.7855208006094925,1120.39158260775
2024-07-03 15:35:24.095860-03:00,4.0,5.0,1849.625,0.0,650,3.0,57.887314843747234,1674.6604477612582,1701.6069651738537,b'ShiftInProcess',14183.095860000001,0,0.001115,21.268187686567977,-0.005283768661811905,-4.738805974719197,504.2846042292964,21.610408457707944,0.022700635732224583,20.35931455804895,171811.65041065472,23.490237500000003,-0.006450855705978142,-5.78552081253645,1120.3915918465812
2024-07-03 15:35:24.102655-03:00,4.0,5.0,1844.7972912968066,0.0,650,3.0,57.8671421874993,1672.125,1712.5,b'ShiftInProcess',14183.102655,0,0.006795,21.2359875,-0.03220018656797663,-4.73880597026882,504.2846023349318,21.74875,0.13834154229205708,20.359314538934083,171811.64976541552,23.428925599469444,-0.06131190053055846,-9.023090585806985,6628.591714829517
2024-07-03 15:35:24.103820-03:00,4.0,5.0,1843.969582593613,0.0,650,3.0,57.86368359375028,1671.8051048428204,1712.1801048428204,b'ShiftInProcess',14183.10382,0,0.001165,21.23192483150382,-0.004062668496178645,-3.4872690954323136,147.89103358662211,21.74468733150382,-0.004062668496182198,-3.487269095435363,147.89103358713942,23.41841369893889,-0.010511900530556062,-9.023090584168294,6628.591710014221
2024-07-03 15:35:24.112670-03:00,4.0,5.0,1837.681838365757,0.0,650,3.0,57.83741015624988,1669.375,1709.75,b'ShiftInProcess',14183.11267,0,0.00885,21.201062500000003,-0.030862331503819007,-3.487269096476724,147.89103376379103,21.713825,-0.030862331503819007,-3.487269096476724,147.89103376379103,23.338559347245113,-0.07985435169377553,-9.02309058686729,6628.591717945226
2024-07-03 15:35:24.115565-03:00,4.0,5.0,1835.625,0.0,650,3.0,57.82881562500103,1668.5082335330214,1707.474738024181,b'ShiftInProcess',14183.115565,0,0.002895,21.190054565869374,-0.011007934130628172,-3.8023952091979867,209.03981694137772,21.6849291729071,-0.028895827092899395,-9.981287424144869,9925.359530902973,23.3124375,-0.02612184724511124,-9.023090585530653,6628.591714017515
2024-07-03 15:35:24.122690-03:00,4.0,5.0,1831.129591454259,0.0,650,3.0,57.80766328125084,1666.375,1701.875,b'ShiftInProcess',14183.12269,0,0.007125,21.1629625,-0.027092065869375404,-3.8023952097368987,209.03981705988625,21.613812499999998,-0.07111667290710244,-9.981287425558238,9925.359536524771,23.255345811469088,-0.05709168853091384,-8.012868565742293,4122.418481254694
2024-07-03 15:35:24.123855-03:00,4.0,5.0,1830.3945527226895,0.0,650,3.0,57.80420468749642,1666.3459040958667,1703.69349400833,b'ShiftInProcess',14183.123855000002,0,0.001165,21.162592982017507,-0.0003695179824916295,-0.31718281758938155,0.010121353906917872,21.63690737390579,0.02309487390579079,19.823926099391237,154439.60429428055,23.246010819578157,-0.009334991890931121,-8.012868575906541,4122.418502171689
2024-07-03 15:35:24.132700-03:00,4.0,5.0,1824.8139367816752,0.0,650,3.0,57.777946093751055,1666.125,1717.5,b'ShiftInProcess',14183.1327,0,0.008845,21.1597875,-0.002805482017507188,-0.31718281712913377,0.010121353848171553,21.81225,0.17534262609420992,19.823926070572064,154439.6033962099,23.175136997127275,-0.07087382245088136,-8.012868564260188,4122.418478204671
2024-07-03 15:35:24.135575-03:00,4.0,5.0,1823.0,0.0,650,3.0,57.769410937500695,1664.9055638723864,1711.725611278065,b'ShiftInProcess',14183.135575,0,0.002875,21.144300661179308,-0.015486838820692128,-5.386726546327697,841.976010334325,21.738915263231423,-0.07333473676857594,-25.507734528200327,423338.2923964977,23.1521,-0.02303699712727436,-8.012868566008473,4122.418481802465
2024-07-03 15:35:24.142720-03:00,4.0,5.0,1818.8252734952237,0.0,650,3.0,57.74819921874661,1661.875,1697.375,b'ShiftInProcess',14183.142720000002,0,0.007145,21.105812500000003,-0.038488161179305536,-5.386726547138633,841.9760108413407,21.5566625,-0.18225276323142126,-25.50773453203936,423338.29265135527,23.09908097338934,-0.05301902661065938,-7.420437594214049,3031.9223055252805
2024-07-03 15:35:24.143880-03:00,4.0,5.0,1818.1475012427736,0.0,650,3.0,57.74475546874722,1661.6142607393049,1696.230644355838,b'ShiftInProcess',14183.143880000001,0,0.00116,21.102501111389174,-0.0033113886108289137,-2.8546453541628565,66.40620259791429,21.54212918331914,-0.014533316680861219,-12.528721276604498,24639.2220135257,23.090473265783224,-0.008607707606117287,-7.42043759148042,3031.9223010575374
2024-07-03 15:35:24.152730-03:00,4.0,5.0,1812.9765663847304,0.0,650,3.0,57.71848203124682,1659.625,1687.5,b'ShiftInProcess',14183.152730000002,0,0.00885,21.0772375,-0.025263611389174656,-2.8546453547090005,66.406202648733,21.43125,-0.11087918331914182,-12.528721278999075,24639.222032362584,23.024802393086077,-0.06567087269714733,-7.420437592898003,3031.9223033743833
2024-07-03 15:35:24.155685-03:00,4.0,5.0,1811.25,0.0,650,3.0,57.70970937499707,1658.0205382436443,1687.1512039660097,b'ShiftInProcess',14183.155685000002,0,0.002955,21.05686083569428,-0.020376664305718606,-6.895656279431,2261.0096823434465,21.426820290368322,-0.004429709631676104,-1.4990557129191553,5.04976415701162,23.002875,-0.021927393086077274,-7.420437592581141,3031.9223028565157
2024-07-03 15:35:24.163320-03:00,4.0,5.0,1806.4973277162967,0.0,650,3.0,57.687042968747335,1653.875,1686.25,b'ShiftInProcess',14183.163320000001,0,0.007635,21.0042125,-0.05264833569427907,-6.895656279538843,2261.0096824848893,21.415375,-0.011445290368321537,-1.4990557129432267,5.049764157335971,22.94251606199697,-0.060358938003030715,-7.905558350102255,3905.9816079692882
2024-07-03 15:35:24.164460-03:00,4.0,5.0,1805.78769491932,0.0,650,3.0,57.68365859374644,1653.6167377397894,1687.556503198712,b'ShiftInProcess',14183.164460000002,0,0.00114,21.000932569295326,-0.003279930704675138,-2.8771321970834545,68.52345754587768,21.431967590623643,0.016592590623641712,14.554904055826064,44878.40235261488,22.933503725475365,-0.009012336521603714,-7.90555835228396,3905.98161228104
2024-07-03 15:35:24.165605-03:00,4.0,5.0,1805.074949699007,0.0,650,3.0,57.68025937500133,1653.3573427508086,1688.8687366723805,b'ShiftInProcess',14183.165605,0,0.001145,20.99763825293527,-0.0032943163600549497,-2.877132192187729,68.52345707947987,21.44863295573923,0.016665365115589026,14.554904031082119,44878.40204743424,22.92445186117739,-0.009051864297976664,-7.905558338844248,3905.981585719845
2024-07-03 15:35:24.172700-03:00,4.0,5.0,1800.6584192658477,0.0,650,3.0,57.65919609374889,1651.75,1697.0,b'ShiftInProcess',14183.172700000001,0,0.007095,20.977225,-0.02041325293527052,-2.8771321966554644,68.52345750510463,21.5519,0.10326704426076816,14.554904053667112,44878.40232598734,22.868361924676268,-0.05608993650112026,-7.905558351109269,3905.981609959472
2024-07-03 15:35:24.175565-03:00,4.0,5.0,1798.875,0.0,650,3.0,57.650690624997786,1651.3554707060298,1687.9616925381388,b'ShiftInProcess',14183.175565000001,0,0.002865,20.97221447796658,-0.005010522033419562,-1.748873310094088,9.354776150910743,21.437113495234364,-0.11478650476563601,-40.06509764943665,2576705.7243701085,22.8457125,-0.02264942467626696,-7.905558351227561,3905.9816101932547
2024-07-03 15:35:24.182685-03:00,4.0,5.0,1794.227709359497,0.0,650,3.0,57.62955312499723,1650.375,1665.5,b'ShiftInProcess',14183.182685000002,0,0.00712,20.9597625,-0.01245197796658104,-1.7488733099130676,9.354776147037606,21.15185,-0.28526349523436423,-40.06509764527588,2576705.7232997413,22.786691908865613,-0.059020591134387956,-8.28940886718932,4721.6549375577415
2024-07-03 15:35:24.183850-03:00,4.0,5.0,1793.4673029557744,0.0,650,3.0,57.62609453124821,1650.1483981693725,1668.0992562924919,b'ShiftInProcess',14183.183850000001,0,0.001165,20.95688465675103,-0.0028778432489708905,-2.4702517158548414,37.23615577890459,21.184860554914646,0.03301055491464666,28.33524027008297,644625.6739405505,22.777034747538334,-0.00965716132727934,-8.289408864617458,4721.654931698004
2024-07-03 15:35:24.193610-03:00,4.0,5.0,1787.096859606712,0.0,650,3.0,57.597119531251266,1648.25,1689.875,b'ShiftInProcess',14183.19361,0,0.00976,20.932775000000003,-0.024109656751026165,-2.4702517162936646,37.23615580536357,21.4614125,0.2765519450853553,28.335240275138865,644625.6744006363,22.696130117005243,-0.08090463053309094,-8.289408866095384,4721.654935065314
2024-07-03 15:35:24.194745-03:00,4.0,5.0,1786.3560344832827,0.0,650,3.0,57.59375,1650.0634986232908,1691.1100550968963,b'ShiftInProcess',14183.194745,0,0.001135,20.955806432515793,0.023031432515789874,20.292011027127643,169551.00118774705,21.47709769973058,0.015685199730580024,13.81955923399121,36473.44344647484,22.68672163793769,-0.009408479067552378,-8.2894088700902,4721.6549441671195
2024-07-03 15:35:24.195865-03:00,4.0,5.0,1785.625,0.0,650,3.0,57.59042782384733,1651.8530303050384,1692.3287878801555,b'ShiftInProcess',14183.195865000002,0,0.00112,20.97853348487399,0.02272705235819572,20.292011034103325,169551.0014208898,21.492575606077974,0.015477906347392434,13.819559238743246,36473.443496642314,22.6774375,-0.009284137937690673,-8.289408872938102,4721.654950655789
2024-07-03 15:35:24.202685-03:00,4.0,5.0,1779.3935279196305,0.0,650,3.0,57.570198144079,1662.75,1699.75,b'ShiftInProcess',14183.202685,0,0.00682,21.116925,0.13839151512600978,20.292011015543956,169551.00080059454,21.586825,0.09424939392202702,13.81955922610367,36473.4433632057,22.598297804579307,-0.0791396954206931,-11.604060912125089,18131.761563256867
2024-07-03 15:35:24.203850-03:00,4.0,5.0,1778.3290609131323,0.0,650,3.0,57.56674248763255,1671.44967533585,1700.9720279735977,b'ShiftInProcess',14183.203850000002,0,0.001165,21.227410876765294,0.11048587676529564,94.83766245948124,80895313.82056801,21.60234475526469,0.015519755264687518,13.321678338787569,31494.576467057926,22.58477907359678,-0.01351873098252554,-11.604060929206472,18131.761670017964
2024-07-03 15:35:24.212695-03:00,4.0,5.0,1770.2473350257594,0.0,650,3.0,57.540506194736054,1737.5,1710.25,b'ShiftInProcess',14183.212695,0,0.008845,22.06625,0.8388391232347061,94.83766232161742,80895313.3501837,21.720175,0.11783024473531256,13.321678319424823,31494.57628395142,22.482141154827143,-0.10263791876963779,-11.604060912338925,18131.761564593373
2024-07-03 15:35:24.215565-03:00,4.0,5.0,1767.625,0.0,650,3.0,57.53199311835022,1747.847180638068,1709.8561626746757,b'ShiftInProcess',14183.215565,0,0.00287,22.197659194103466,0.1314091941034654,45.78717564580676,4395167.398221944,21.71517326596838,-0.00500173403161952,-1.742764470947568,9.224753931256076,22.4488375,-0.0333036548271437,-11.60406091538108,18131.761583607276
2024-07-03 15:35:24.222715-03:00,4.0,5.0,1764.0571357281285,0.0,650,3.0,57.51078458310141,1773.625,1708.875,b'ShiftInProcess',14183.222715000002,0,0.00715,22.5250375,0.32737830589653427,45.787175649864935,4395167.39978014,21.7027125,-0.012460765968381082,-1.7427644711022492,9.224753934531092,22.403525623747232,-0.045311876252768,-6.337325350037482,1612.9615518725973
2024-07-03 15:35:24.223880-03:00,4.0,5.0,1763.4757984029782,0.0,650,3.0,57.50732892666036,1774.345202769386,1708.774171612286,b'ShiftInProcess',14183.223880000001,0,0.001165,22.534184075171204,0.009146575171204319,7.8511374860122904,3799.533959265157,21.701431979476034,-0.001280520523966544,-1.099159248039952,1.4596289657819075,22.396142639717823,-0.007382984029408846,-6.337325347132056,1612.9615489146677
2024-07-03 15:35:24.232825-03:00,4.0,5.0,1759.0122255491713,0.0,650,3.0,57.48079601089,1779.875,1708.0,b'ShiftInProcess',14183.232825000001,0,0.008945,22.6044125,0.07022842482879454,7.85113748784735,3799.5339628174424,21.691599999999998,-0.009831979476036423,-1.099159248299209,1.4596289671590295,22.339455264474473,-0.056687375243349436,-6.337325348613688,1612.9615504230737
2024-07-03 15:35:24.235605-03:00,4.0,5.0,1757.625,0.0,650,3.0,57.472549895086324,1777.003967253758,1708.5251889169956,b'ShiftInProcess',14183.235605000002,0,0.00278,22.567950384122728,-0.03646211587727066,-13.115869020600957,29592.951614001628,21.698269899245844,0.006669899245846267,2.3992443330382254,33.13583437042471,22.3218375,-0.017617764474472608,-6.337325350529715,1612.9615523737252
2024-07-03 15:35:24.242750-03:00,4.0,5.0,1753.2639511708676,0.0,650,3.0,57.451356190986054,1769.625,1709.875,b'ShiftInProcess',14183.242750000001,0,0.007145,22.4742375,-0.09371288412272705,-13.115869016476843,29592.951576781154,21.7154125,0.017142600754155524,2.3992443322820884,33.13583432865284,22.26645217987002,-0.05538532012998232,-7.751619332397805,3610.519947086888
2024-07-03 15:35:24.244465-03:00,4.0,5.0,1752.217177378867,0.0,650,3.0,57.44626910875497,1769.132675985918,1708.3338117820042,b'ShiftInProcess',14183.244465000002,0,0.001715,22.46798498502116,-0.00625251497883994,-3.645781328769645,176.669860359271,21.695839409631454,-0.01957309036854582,-11.412880681367826,16966.064253767152,22.253158152711613,-0.013294027158405441,-7.751619334347197,3610.519950718809
2024-07-03 15:35:24.252765-03:00,4.0,5.0,1747.151158445099,0.0,650,3.0,57.42164941049996,1766.75,1700.875,b'ShiftInProcess',14183.252765000001,0,0.0083,22.437725,-0.030259985021160674,-3.6457813278506834,176.6698601811443,21.6011125,-0.09472690963145425,-11.412880678488463,16966.064236645638,22.18881971225276,-0.0643384404588545,-7.751619332392109,3610.519947076276
2024-07-03 15:35:24.255675-03:00,4.0,5.0,1745.375,0.0,650,3.0,57.4130176849689,1765.5925362660153,1700.7728708470013,b'ShiftInProcess',14183.255675,0,0.00291,22.423025210578395,-0.014699789421605658,-5.051474028043182,651.1371850628267,21.59981545975692,-0.0012970402430809713,-0.4457182965913991,0.03946770272579878,22.166262500000002,-0.022557212252756642,-7.751619330844207,3610.5199441923714
2024-07-03 15:35:24.263450-03:00,4.0,5.0,1740.4047693657333,0.0,650,3.0,57.389955256782756,1762.5,1700.5,b'ShiftInProcess',14183.26345,0,0.007775,22.38375,-0.03927521057839556,-5.051474029375635,651.1371857498419,21.596349999999997,-0.003465459756920808,-0.44571829671007174,0.03946770276783193,22.103140570944813,-0.06312192905518899,-8.11857608426868,4344.2965196177
2024-07-03 15:35:24.264595-03:00,4.0,5.0,1739.6728190021197,0.0,650,3.0,57.38655892491431,1762.3625999999733,1704.33193333408,b'ShiftInProcess',14183.264595,0,0.001145,22.38200501999966,-0.0017449800003390692,-1.5240000002961303,5.394359279968738,21.64501555334282,0.048665553342821966,42.50266667495368,3263357.9754483337,22.09384480132692,-0.009295769617892802,-8.118576085495897,4344.2965222444645
2024-07-03 15:35:24.266315-03:00,4.0,5.0,1738.5732953118413,0.0,650,3.0,57.38145701154007,1762.1561999999406,1710.0882000016559,b'ShiftInProcess',14183.266315,0,0.00172,22.379383739999245,-0.0026212800004152825,-1.5240000002414433,5.394359279194457,21.718120140021032,0.07310458667821251,42.502666673379366,3263357.97496483,22.079880850460384,-0.013963950866536123,-8.118576085195421,4344.296521601319
2024-07-03 15:35:24.272825-03:00,4.0,5.0,1734.4117259967027,0.0,650,3.0,57.36214686266884,1761.375,1731.875,b'ShiftInProcess',14183.272825,0,0.00651,22.3694625,-0.00992123999924388,-1.5239999998838525,5.394359274131534,21.9948125,0.27669235997896635,42.50266666343569,3263357.971910925,22.027028920158124,-0.05285193030226054,-8.11857608329655,4344.296517536929
2024-07-03 15:35:24.275620-03:00,4.0,5.0,1732.625,0.0,650,3.0,57.3538562534357,1760.0893833912774,1725.516409746047,b'ShiftInProcess',14183.27562,0,0.002795,22.353135169069223,-0.016327330930778317,-5.841621084357179,1164.4840181758009,21.914058403774796,-0.08075409622520269,-28.892342119929403,696836.667489656,22.004337500000002,-0.022691420158121645,-8.11857608519558,4344.296521601657
2024-07-03 15:35:24.282880-03:00,4.0,5.0,1729.5003074274953,0.0,650,3.0,57.33232143303212,1756.75,1709.0,b'ShiftInProcess',14183.28288,0,0.00726,22.310724999999998,-0.04241016906922468,-5.841621083915245,1164.484017823416,21.7043,-0.2097584037747957,-28.892342117740455,696836.6672784804,21.96465390432919,-0.039683595670812366,-5.466060009753769,892.6836517137191
2024-07-03 15:35:24.284045-03:00,4.0,5.0,1728.9988932614085,0.0,650,3.0,57.328865776591066,1756.6692467652686,1710.4535582251665,b'ShiftInProcess',14183.284045,0,0.001165,22.309699433918908,-0.0010255660810898348,-0.8803142326951372,0.6005523820378068,21.722760189459613,0.018460189459613474,15.84565618850942,63043.58685675227,21.958285944419888,-0.0063679599093013906,-5.4660600079840265,892.6836505576248
2024-07-03 15:35:24.293700-03:00,4.0,5.0,1724.8433964589676,0.0,650,3.4840812233559983,57.30022683843898,1756.0,1722.5,b'ShiftInProcess',14183.2937,0,0.009655,22.301199999999998,-0.00849943391891017,-0.8803142329269985,0.600552382670512,21.87575,0.15298981054038663,15.845656192686342,63043.586923225535,21.90551113502889,-0.05277480939099988,-5.4660600094251555,892.6836514990504
2024-07-03 15:35:24.294830-03:00,4.0,5.0,1724.3570462374084,0.0,650,3.54073702684345,57.296875,1752.5982484932117,1723.3813628903952,b'ShiftInProcess',14183.29483,0,0.00113,22.257997755863787,-0.043202244136210766,-38.23207445682369,2136542.091665244,21.88694330870802,0.0111933087080196,9.905582927450974,9627.646871871515,21.89933448721509,-0.006176647813799008,-5.4660600122115115,892.6836533192533
2024-07-03 15:35:24.295950-03:00,4.0,5.0,1723.875,0.0,650,3.5968914515518913,57.30125350280539,1749.2266009812834,1724.2549261093948,b'ShiftInProcess',14183.295950000002,0,0.00112,22.2151778324623,-0.042819923401488325,-38.23207446561458,2136542.0936303074,21.898037561589312,0.011094252881292732,9.905582929725654,9627.646880714938,21.8932125,-0.006121987215088609,-5.466060013471973,892.6836541426566
2024-07-03 15:35:24.302835-03:00,4.0,5.0,1719.0900918139735,0.0,650,3.94209074956502,57.32816956690211,1728.5,1729.625,b'ShiftInProcess',14183.302835,0,0.006885,21.95195,-0.26322783246229875,-38.23207443170643,2136542.0860506827,21.966237500000002,0.0681999384106895,9.905582920942557,9627.646846568314,21.832444166037465,-0.06076833396253534,-8.826192296664537,6068.670260100154
2024-07-03 15:35:24.303990-03:00,4.0,5.0,1718.2873947979372,0.0,650,4.0,57.33268489791661,1727.0576923077797,1727.5480769232026,b'ShiftInProcess',14183.30399,0,0.001155,21.9336326923088,-0.018317307691198437,-15.859140858180465,63258.4615785752,21.939860576924673,-0.026376923075329017,-22.8371628357827,271999.80595920084,21.822249913933803,-0.010194252103662649,-8.826192297543418,6068.670262517341
2024-07-03 15:35:24.312845-03:00,4.0,5.0,1712.133384341237,0.0,650,4.0,57.36730243569679,1716.0,1711.625,b'ShiftInProcess',14183.312845,0,0.008855,21.793200000000002,-0.1404326923087993,-15.859140859265871,63258.461595892935,21.7376375,-0.20222307692467112,-22.83716283734287,271999.80603352987,21.74409398113371,-0.07815593280009381,-8.82619229814724,6068.67026417803
2024-07-03 15:35:24.315555-03:00,4.0,5.0,1710.25,0.0,650,4.0,57.37789684872974,1713.2291770570691,1705.2723815454754,b'ShiftInProcess',14183.315555000001,0,0.00271,21.758010548624778,-0.03518945137522422,-12.985037407831816,28429.73557935856,21.656959245627537,-0.08067825437246512,-29.77057356917532,785504.7361280377,21.720175,-0.023918981133707717,-8.82619230026115,6068.67026999192
2024-07-03 15:35:24.322870-03:00,4.0,5.0,1706.4325298205379,0.0,650,4.0,57.40649394515963,1705.75,1688.125,b'ShiftInProcess',14183.322870000002,0,0.007315,21.663025,-0.09498554862477704,-12.985037405984556,28429.735563180828,21.439187500000003,-0.21777174562753387,-29.770573564939696,785504.7356810054,21.67169312872083,-0.04848187127917214,-6.627733599340005,1929.5683849489872
2024-07-03 15:35:24.324020-03:00,4.0,5.0,1705.8323807160689,0.0,650,4.0,57.410989729280004,1705.0750499510846,1689.474900097831,b'ShiftInProcess',14183.32402,0,0.00115,21.654453134378773,-0.008571865621227914,-7.453796192372099,3086.8111123656786,21.456331231242455,0.017143731242452276,14.90759238474111,49388.97779780992,21.664071235094074,-0.0076218936267551385,-6.627733588482729,1929.5683723052343
2024-07-03 15:35:24.332880-03:00,4.0,5.0,1701.208623259718,0.0,650,4.0,57.44562681395431,1699.875,1699.875,b'ShiftInProcess',14183.332880000002,0,0.00886,21.5884125,-0.06604063437877272,-7.4537962052790885,3086.81113374616,21.5884125,0.13208126875754544,14.907592410558177,49388.97813993856,21.60534951539842,-0.05872171969565443,-6.6277335999609965,1929.5683856721575
2024-07-03 15:35:24.335675-03:00,4.0,5.0,1699.75,0.0,650,4.0,57.456553524066535,1698.7597880304722,1701.0250623435757,b'ShiftInProcess',14183.335675,0,0.002795,21.574249307987,-0.01416319201300098,-5.067331668336665,659.3519927900855,21.603018291763412,0.014605791763411702,5.225685782973775,745.715498583376,21.586825,-0.018524515398418373,-6.627733595140741,1929.5683800587683
2024-07-03 15:35:24.342905-03:00,4.0,5.0,1696.02180665968,2.515407554914791,650,4.0,57.48481832341004,1695.875,1704.0,b'ShiftInProcess',14183.342905000001,0,0.00723,21.5376125,-0.036636807986997866,-5.067331671783937,659.3519945842964,21.6408,0.03778170823658655,5.225685786526494,745.7155006112955,21.539476944577935,-0.04734805542206644,-6.5488320085845695,1839.3119818802609
2024-07-03 15:35:24.344050-03:00,4.0,5.0,1695.4313804667754,2.9137673959105843,650,4.0,57.48929456065051,1695.3206926513683,1703.8862959284859,b'ShiftInProcess',14183.344050000002,0,0.001145,21.530572796672377,-0.00703970332762438,-6.148212513209066,1428.8790936004893,21.639355958291773,-0.0014440417082255408,-1.2611717975768915,2.5298629908024015,21.531978531928047,-0.007498412649887598,-6.548832008635457,1839.31198193743
2024-07-03 15:35:24.352975-03:00,4.0,5.0,1690.8291500991743,6.018886680075229,650,4.0,57.52418575485603,1691.0,1703.0,b'ShiftInProcess',14183.352975000002,0,0.008925,21.4757,-0.05487279667237743,-6.148212512311196,1428.879092765809,21.6281,-0.011255958291773283,-1.2611717973975667,2.5298629893635267,21.473530206259515,-0.05844832566853242,-6.548832007678702,1839.3119808625695
2024-07-03 15:35:24.355795-03:00,4.0,5.0,1689.375,7.0,650,4.0,57.53521019941044,1688.819587629028,1702.0419400188155,b'ShiftInProcess',14183.355795000001,0,0.00282,21.44800876288866,-0.027691237111341138,-9.819587628135155,9297.64585932897,21.61593263823896,-0.012167361761040496,-4.314667291149112,346.568630047071,21.4550625,-0.018467706259514216,-6.548832006919935,1839.3119800101367
2024-07-03 15:35:24.363645-03:00,4.0,5.0,1689.5233371126303,7.395565633680986,650,4.0,57.56589881280083,1682.75,1699.375,b'ShiftInProcess',14183.363645000001,0,0.00785,21.370925,-0.07708376288865892,-9.819587629128526,9297.645863091251,21.582062500000003,-0.03387013823895657,-4.314667291586825,346.5686301877053,21.456946381330404,0.001883881330403625,0.239984882853965,0.003316924161268845
2024-07-03 15:35:24.364790-03:00,4.0,5.0,1689.5449735449856,7.453262786628452,650,4.0,57.5703750500413,1682.7346184846826,1696.6678533041318,b'ShiftInProcess',14183.364790000001,0,0.001145,21.370729654755472,-0.00019534524452780033,-0.170607200460961,0.0008472067870885962,21.547681736962474,-0.034380763037528794,-30.026867281684538,812905.5667442072,21.45722116402132,0.0002747826909157425,0.23998488289584496,0.003316924163584202
2024-07-03 15:35:24.365930-03:00,4.011270390512316,5.0,1689.566515495106,7.510707986949362,650,4.0,57.57483174039474,1682.7193041375526,1693.9725282092552,b'ShiftInProcess',14183.365930000002,0,0.00114,21.37053516254692,-0.00019449220855349836,-0.17060720048552488,0.0008472067875765167,21.51345110825754,-0.03423062870493254,-30.026867285028548,812905.5671063313,21.457494746787845,0.00027358276652478253,0.2399848829164759,0.0033169241647247947
2024-07-03 15:35:24.372950-03:00,4.080672268902818,5.0,1689.699168556321,7.864449483522437,650,4.0,57.60227557045513,1682.625,1677.375,b'ShiftInProcess',14183.37295,0,0.00702,21.3693375,-0.0011976625469181101,-0.1706072004156852,0.0008472067861892679,21.3026625,-0.2107886082575412,-30.026867273154018,812905.5658204334,21.459179440665277,0.0016846938774328635,0.23998488282519423,0.003316924159678237
2024-07-03 15:35:24.375640-03:00,4.107266435975332,5.0,1689.75,8.0,650,4.0,57.61279179593291,1682.4571268098234,1679.0537319017665,b'ShiftInProcess',14183.37564,0,0.00269,21.36720551048476,-0.002131989515241628,-0.7925611580823896,0.39457642922889047,21.323982395152434,0.021319895152434043,7.925611580830499,3945.7642923020544,21.459825000000002,0.0006455593347247657,0.23998488279731064,0.0033169241581366775
2024-07-03 15:35:24.382965-03:00,4.179683638156186,5.0,1691.0173010381423,6.1895699455111926,650,4.0,57.641427986136826,1682.0,1683.625,b'ShiftInProcess',14183.382965,0,0.007325,21.361400000000003,-0.005805510484755416,-0.7925611583283845,0.3945764297187645,21.3820375,0.05805510484756482,7.9256115832853,3945.764297190543,21.475919723184408,0.016094723184405524,2.1972318340485355,23.30792061523962
2024-07-03 15:35:24.384120-03:00,4.191102323276722,5.0,1691.217128027748,5.904102817502956,650,4.0,57.64594331715132,1682.9226973683255,1683.991365131541,b'ShiftInProcess',14183.38412,0,0.001155,21.373118256577733,0.011718256577729846,10.145676690675192,10595.563892255494,21.38669033717057,0.004652837170571189,4.028430450710986,263.35615960702256,21.4784575259524,0.0025378027679927584,2.197231833759964,23.30792060299512
2024-07-03 15:35:24.393605-03:00,4.284873949580497,5.0,1692.8581314880346,3.5598121599507264,650,4.0,57.68302376275953,1690.5,1687.0,b'ShiftInProcess',14183.393605000001,0,0.009485,21.469350000000002,0.09623174342226903,10.145676691857568,10595.56389719472,21.4249,0.03820966282943061,4.028430451178767,263.35615972934625,21.49929826989804,0.02084074394564084,2.197231834015903,23.30792061385497
2024-07-03 15:35:24.394750-03:00,4.296193771628886,5.0,1693.0562283738777,3.276816608746083,650,4.0,57.6875,1690.0582091536953,1686.4972724852396,b'ShiftInProcess',14183.394750000001,0,0.001145,21.46373925625193,-0.005610743748071911,-4.90021288041215,576.5802871991464,21.418515360562544,-0.006384639437456485,-5.57610431218907,966.770874339201,21.50181410034825,0.0025158304502070905,2.1972318342420003,23.307920623448606
2024-07-03 15:35:24.395870-03:00,4.307266435978929,5.0,1693.25,3.0,650,4.0,57.67989318350897,1689.6260643961948,1686.0055215542905,b'ShiftInProcess',14183.39587,0,0.00112,21.458251017831675,-0.005488238420255698,-4.900212875228302,576.5802847593303,21.41227012373949,-0.006245236823055222,-5.576104306299306,966.7708702545913,21.504275,0.002460899651751447,2.197231831920935,23.3079205249625
2024-07-03 15:35:24.403000-03:00,4.377755808198996,5.0,1694.239029003717,5.8771752835399464,650,4.0,57.63146764633973,1686.875,1682.875,b'ShiftInProcess',14183.403,0,0.00713,21.423312499999998,-0.03493851783167656,-4.9002128796180315,576.5802868253887,21.3725125,-0.0397576237394901,-5.576104311288934,966.7708737149478,21.516835668347206,0.012560668347205706,1.7616645648254847,9.631476627276713
2024-07-03 15:35:24.404145-03:00,4.389075630247386,5.0,1694.3978562420673,6.339218158741264,650,4.0,57.62369103482953,1687.0464927608882,1682.8464178731854,b'ShiftInProcess',14183.404145,0,0.001145,21.42549045806328,0.002177958063281693,1.902146780158684,13.09109895933268,21.37214950698945,-0.00036299301054754096,-0.31702446336029777,0.01010115660448927,21.518852774274254,0.0020171059270488456,1.7616645651081622,9.631476633458595
2024-07-03 15:35:24.413015-03:00,4.476767177452365,5.0,1695.6282471624995,9.918537199998283,650,4.0,57.56344776488884,1688.375,1682.625,b'ShiftInProcess',14183.413015,0,0.00887,21.4423625,0.01687204193672187,1.9021467797882607,13.09109894913526,21.3693375,-0.0028120069894512767,-0.31702446329777645,0.010101156596520954,21.534478738963745,0.015625964689490957,1.7616645647678644,9.63147662601661
2024-07-03 15:35:24.415695-03:00,4.503262481470717,5.0,1696.0,11.0,650,4.0,57.54524573968786,1690.3809880247077,1693.2233033972052,b'ShiftInProcess',14183.415695000002,0,0.00268,21.46783854791379,0.02547604791378788,9.50598802753279,8165.617864864481,21.503935953144506,0.13459845314450547,50.22330341212891,6362401.901737692,21.5392,0.004721261036255697,1.761664565767051,9.631476647867862
2024-07-03 15:35:24.423035-03:00,4.57582797825979,5.0,1696.6433759078648,13.20586025553602,650,4.0,57.495393924424235,1695.875,1722.25,b'ShiftInProcess',14183.423035000002,0,0.00734,21.5376125,0.06977395208621218,9.505988022644711,8165.617848069093,21.872575,0.3686390468554954,50.22330338630728,6362401.888653122,21.547370874029884,0.008170874029882924,1.1131980967142947,1.5356414303662593
2024-07-03 15:35:24.424175-03:00,4.587098368754123,5.0,1696.7433007762543,13.548459804300698,650,4.0,57.487651271927746,1695.647341488067,1721.4105092372472,b'ShiftInProcess',14183.424175,0,0.00114,21.534721236898452,-0.002891263101549413,-2.53619570311352,41.37433720605407,21.861913467313038,-0.010661532686963682,-9.3522216552313,7649.960022911536,21.54863991985843,0.001269045828546922,1.1131980952165983,1.5356414221020531
2024-07-03 15:35:24.433050-03:00,4.674839347513158,5.0,1697.5212246431593,16.215627347974575,650,4.0,57.42737404297334,1693.875,1714.875,b'ShiftInProcess',14183.433050000001,0,0.008875,21.5122125,-0.022508736898451787,-2.536195706867807,41.374337451036965,21.7789125,-0.08300096731303697,-9.352221669074588,7649.960068205842,21.55851955296812,0.009879633109690644,1.1131980968665516,1.5356414312064044
2024-07-03 15:35:24.435660-03:00,4.700642609990526,5.0,1697.75,17.0,650,4.0,57.409647443816176,1694.6881854435724,1709.93083250308,b'ShiftInProcess',14183.435660000001,0,0.00261,21.522539955133368,0.010327455133367636,3.956879361443539,245.13833852696877,21.716121572789117,-0.06279092721088375,-24.057826517579983,334985.1502300674,21.561425,0.0029054470318783387,1.1131980965051107,1.5356414292119935
2024-07-03 15:35:24.443080-03:00,4.7739990113747455,5.0,1699.7376650883778,19.588587091840942,650,4.0,57.359252284518355,1697.0,1695.875,b'ShiftInProcess',14183.443080000001,0,0.00742,21.5519,0.029360044866631796,3.9568793620797567,245.13833868462976,21.5376125,-0.1785090727891152,-24.057826521444095,334985.15044528554,21.586668346622396,0.025243346622396245,3.4020682779509763,133.9590632130693
2024-07-03 15:35:24.444220-03:00,4.785269401887062,5.0,1700.043047595303,19.986294542720138,650,4.0,57.35150963200952,1697.4975062345675,1696.9695137160486,b'ShiftInProcess',14183.444220000001,0,0.00114,21.558218329179006,0.006318329179006099,5.542394016672017,943.6035989219381,21.551512824193818,0.01390032419381626,12.19326683668093,22104.480466923826,21.59054670446035,0.003878357837955093,3.4020682789079766,133.9590633637998
2024-07-03 15:35:24.453105-03:00,4.873109243700259,5.0,1702.4231559927453,23.085970595203083,650,4.0,57.29116448506473,1701.375,1705.5,b'ShiftInProcess',14183.453105,0,0.008885,21.6074625,0.049244170820994526,5.542394014743334,943.6035976084896,21.659850000000002,0.1083371758061844,12.193266832434935,22104.480436134527,21.620774081107864,0.030227376647513182,3.402068277716734,133.95906317617542
2024-07-03 15:35:24.455725-03:00,4.899011369267755,5.0,1703.125,24.0,650,4.0,57.273369967892485,1701.0112665526253,1703.3175993157515,b'ShiftInProcess',14183.455725000002,0,0.00262,21.602843085218343,-0.004619414781657838,-1.763135412846503,9.663682962693276,21.632133511310045,-0.027716488689957686,-10.578812477083087,12524.13311966975,21.629687500000003,0.00891341889213848,3.4020682794421684,133.95906344793667
2024-07-03 15:35:24.463685-03:00,4.977706376673714,5.0,1707.1678893903288,27.19438174050664,650,4.0,57.21930723636079,1699.9061832551035,1696.6870995306208,b'ShiftInProcess',14183.463685,0,0.00796,21.588808527339815,-0.01403455787852792,-1.7631354118753668,9.66368294140222,21.547926164038884,-0.08420734727116042,-10.57881247125131,12524.133092053054,21.681032195257178,0.05134469525717478,6.450338600147585,1731.1314694754863
2024-07-03 15:35:24.464810-03:00,4.988828472577812,5.0,1707.739277652572,27.645849009439445,650,4.0,57.21166646085605,1699.75,1695.75,b'ShiftInProcess',14183.464810000001,0,0.001125,21.586825,-0.001983527339813662,-1.7631354131676997,9.663682969735145,21.536025,-0.011901164038885526,-10.578812479009358,12524.13312879171,21.688288826187662,0.0072566309304846754,6.450338604875268,1731.131474550717
2024-07-03 15:35:24.465940-03:00,5.0,5.0,1708.313205417213,28.099322798785636,650,4.0,57.2039917263623,1700.7030120471854,1695.835090361356,b'ShiftInProcess',14183.46594,0,0.00113,21.598928252999254,0.0121032529992533,10.710843362171063,13161.175263655,21.53710564758922,0.0010806475892231049,0.956325300197438,0.8364164813232926,21.695577708798606,0.0072888826109434035,6.450338593755225,1731.1314626132007
2024-07-03 15:35:24.473110-03:00,5.0,5.0,1711.9548532734193,30.976674191343594,650,4.0,57.15529451716978,1706.75,1696.375,b'ShiftInProcess',14183.47311,0,0.00717,21.675725,0.07679674700074557,10.710843375278321,13161.17532807828,21.5439625,0.006856852410777492,0.9563253013636669,0.8364164854032979,21.741826636572426,0.046248927773820725,6.450338601648636,1731.1314710868846
2024-07-03 15:35:24.475660-03:00,5.0,5.0,1713.25,32.0,650,4.0,57.13797542604134,1707.0682725910244,1699.589553169346,b'ShiftInProcess',14183.47566,0,0.00255,21.67976706190601,0.004042061906009309,1.5851223160820818,6.313222866344779,21.584787325250694,0.040824825250695085,16.009735392429445,65695.65030742758,21.758275,0.01644836342757472,6.450338599048909,1731.131468296042
2024-07-03 15:35:24.483125-03:00,5.0,5.0,1719.3754492097942,33.43076185922198,650,4.0,57.08727463571889,1708.0,1709.0,b'ShiftInProcess',14183.483125,0,0.007465,21.691599999999998,0.011832938093988332,1.585122316676267,6.313222875810858,21.7043,0.1195126747493056,16.009735398433435,65695.65040597663,21.836068204964388,0.07779320496438658,10.421058936957344,11793.627548972205
2024-07-03 15:35:24.484265-03:00,5.0,5.0,1720.3108828468307,33.64925730728894,650,4.0,57.07953198321005,1708.5764044944895,1711.2543820228923,b'ShiftInProcess',14183.484265000001,0,0.00114,21.698920337080015,0.007320337080017225,6.421348315804583,1700.2191861406382,21.732930651690733,0.02863065169073309,25.114606746257095,397837.32749476266,21.84794821215475,0.011880007190363528,10.421058938915376,11793.627557835911
2024-07-03 15:35:24.494250-03:00,5.0,5.0,1728.5041327274193,35.563009104214714,650,4.0,57.01171585576735,1713.625,1731.0,b'ShiftInProcess',14183.494250000002,0,0.009985,21.7630375,0.0641171629199846,6.421348314470164,1700.2191847273486,21.983700000000002,0.25076934830926945,25.1146067410385,397837.32716409425,21.952002485638225,0.10405427348347374,10.421058936752502,11793.627548044915
2024-07-03 15:35:24.495975-03:00,5.0,5.0,1729.9195915199894,35.8936272163479,650,4.0,57.0,1714.8350168352554,1733.5652356907412,b'ShiftInProcess',14183.495975000002,0,0.001725,21.778404713807742,0.01536721380774253,8.908529743618859,6298.3115196820745,22.016278493272416,0.03257849327241402,18.886083056471897,127223.57088801703,21.969978812303864,0.01797632666563942,10.421058936602563,11793.627547366166
2024-07-03 15:35:24.496530-03:00,5.0,5.0,1730.375,36.0,650,4.0,57.00776143275553,1715.2243265987208,1734.3905723892883,b'ShiftInProcess',14183.49653,0,0.000555,21.783348947803756,0.004944233996013736,8.908529722547271,6298.311460091806,22.02676026934396,0.010481776071543436,18.886083011789975,127223.56968404188,21.975762500000002,0.005783687696137463,10.421058911959392,11793.627435810371
2024-07-03 15:35:24.503160-03:00,5.0,5.0,1736.4997113160427,35.65973826021985,650,4.0,57.1004790891293,1719.875,1744.25,b'ShiftInProcess',14183.50316,0,0.00663,21.8424125,0.0590635521962426,8.908529743023017,6298.311517997039,22.151975,0.12521473065604027,18.886083055209696,127223.57085400644,22.053546333713744,0.07778383371374176,11.732101615948984,18945.377513120267
2024-07-03 15:35:24.504300-03:00,5.0,5.0,1737.5528290991958,35.60123171671134,650,4.0,57.11642149158732,1719.5479041915792,1741.2208083828862,b'ShiftInProcess',14183.5043,0,0.00114,21.838258383233057,-0.004154116766940774,-3.643962076263837,176.31748970068625,22.113504266462655,-0.03847073353734487,-33.74625748889901,1296887.97582721,22.06692092955979,0.013374595846045167,11.732101619337866,18945.37753501017
2024-07-03 15:35:24.513179999-03:00,5.0,5.0,1745.75606235638,35.14549653575666,650,3.557107231880924,57.24060441598103,1717.0,1717.625,b'ShiftInProcess',14183.513180000002,0,0.008879999,21.8059,-0.03235838323305629,-3.643962486150763,176.31756903218803,21.8138375,-0.29966676646265356,-33.74626128478771,1296888.5593400025,22.171101991926026,0.10418106236623714,11.732102939002262,18945.386059158776
2024-07-03 15:35:24.516015-03:00,5.0,5.0,1748.375,35.0,650,3.415710723193536,57.28025065365259,1715.019461078261,1717.8018338322981,b'ShiftInProcess',14183.516015000001,0,0.002835001,21.780747155693913,-0.02515284430608844,-8.872252357614137,6196.344346941221,21.816083289670186,0.00224578967018374,0.7921653890717286,0.39378888524835925,22.204362500000002,0.03326050807397607,11.73209747508945,18945.350765958287
2024-07-03 15:35:24.523200-03:00,5.0,5.0,1750.698326147687,34.63555668271574,650,3.057356608478577,57.380729742807326,1710.0,1718.25,b'ShiftInProcess',14183.523200000001,0,0.007185,21.717,-0.06374715569391398,-8.872255489758382,6196.353096852195,21.821775,0.005691710329813304,0.7921656687283652,0.3937894413228105,22.23386874207563,0.029506242075626687,4.10664468693482,284.4123918432932
2024-07-03 15:35:24.524350-03:00,5.0,5.0,1751.0701876744536,34.57722546283081,650,3.0,57.39681199089737,1710.8181477783828,1718.3504742885734,b'ShiftInProcess',14183.524350000002,0,0.00115,21.727390476785462,0.010390476785463676,9.035197204751023,6664.238698132215,21.823051023464885,0.001276023464885867,1.1095856216398845,1.5158048122991168,22.23859138346556,0.004722641389932392,4.106644686897732,284.4123918330187
2024-07-03 15:35:24.533215-03:00,5.0,5.0,1753.936755008849,34.12756784174915,650,3.0,57.52078514681761,1717.125,1719.125,b'ShiftInProcess',14183.533215000001,0,0.008865,21.8074875,0.08009702321453815,9.03519720412162,6664.238696275255,21.832887500000002,0.0098364765351171,1.1095856215586126,1.515804811855015,22.274996788612384,0.036405405146823,4.10664468661286,284.4123917541017
2024-07-03 15:35:24.535730-03:00,5.0,5.0,1754.75,34.0,650,3.0,57.55595632416257,1719.1329840320977,1720.5682385230702,b'ShiftInProcess',14183.535730000001,0,0.002515,21.832988897207642,0.02550139720764122,10.139720559698299,10570.70482484407,21.85121662924299,0.01832912924298924,7.287924152282004,2821.0798348305943,22.285325,0.010328211387616193,4.106644686924928,284.4123918405527
2024-07-03 15:35:24.543235-03:00,5.0,5.0,1750.896865184902,34.0,650,3.0,57.6609104736439,1725.125,1724.875,b'ShiftInProcess',14183.543235000001,0,0.007505,21.909087500000002,0.07609860279236003,10.13972055860893,10570.704820301384,21.9059125,0.054695870757008436,7.287924151500125,2821.0798336199646,22.236390187848258,-0.048934812151742335,-6.520294757060937,1807.4609189948192
2024-07-03 15:35:24.544390-03:00,5.0,5.0,1750.3038777483396,34.0,650,3.0,57.677062644549956,1724.8330652573666,1722.8181870405379,b'ShiftInProcess',14183.544390000001,0,0.001155,21.905379928768557,-0.0037075712314447173,-3.2100183822032187,106.17690888174373,21.87979097541483,-0.026121524585168032,-22.616038601877083,261617.11190753058,22.228859247403914,-0.00753094044434377,-6.520294757007593,1807.4609189356702
2024-07-03 15:35:24.554115-03:00,5.0,5.0,1745.310974873125,34.0,650,3.0,57.81306252512972,1722.375,1705.5,b'ShiftInProcess',14183.554115,0,0.009725,21.8741625,-0.031217428768556488,-3.2100183823708472,106.17690890392215,21.659850000000002,-0.21994097541482915,-22.616038603067267,261617.11196260166,22.16544938088869,-0.06340986651522584,-6.520294757349702,1807.4609193150077
2024-07-03 15:35:24.556425-03:00,5.0,5.0,1744.125,34.0,650,3.0,57.84536686694183,1721.0533045307516,1707.981550676956,b'ShiftInProcess',14183.556425,0,0.00231,21.857376967540546,-0.0167855324594548,-7.266464268162251,2787.9987148854466,21.69136569359734,0.03151569359733841,13.643157401445201,34646.51514998766,22.1503875,-0.01506188088868754,-6.520294757007593,1807.4609189356702
2024-07-03 15:35:24.564820-03:00,5.0,5.0,1736.1157515573116,35.74350986507502,650,3.0,57.9627672780042,1716.25,1717.0,b'ShiftInProcess',14183.564820000001,0,0.008395,21.796375,-0.061001967540544655,-7.26646426927274,2787.998716589738,21.8059,0.11453430640266049,13.643157403533115,34646.515171196515,22.048670044777857,-0.10171745522214337,-12.116433022292242,21552.573943522053
2024-07-03 15:35:24.565385-03:00,5.0,5.0,1735.5767133950783,35.860851505833324,650,3.0,57.970668556417195,1716.4142441861427,1717.6241279073424,b'ShiftInProcess',14183.565385000002,0,0.000565,21.798460901164013,0.002085901164011972,3.6918604672778264,185.77236695813207,21.813826424423247,0.007926424423246203,14.029069775656998,38736.06501497506,22.041824260117494,-0.006845784660363563,-12.116433027192148,21552.573978385644
2024-07-03 15:35:24.566530-03:00,5.0,5.0,1734.4843263250455,36.098650051690804,650,3.0,57.986680881665784,1716.747093022906,1718.8889534870427,b'ShiftInProcess',14183.56653,0,0.001145,21.802688081390908,0.004227180226894944,3.691860460170257,185.77236552753635,21.829889709285442,0.016063284862195104,14.029069748642012,38736.06471660767,22.02795094432808,-0.01387331578941442,-12.11643300385539,21552.573812340997
2024-07-03 15:35:24.573420-03:00,5.0,5.0,1727.9109228980342,37.52959501539391,650,3.3697343708309293,58.083034524573996,1718.75,1726.5,b'ShiftInProcess',14183.57342,0,0.00689,21.828125,0.02543691860909192,3.6918604657608007,185.77236665278852,21.92655,0.0966602907145564,14.029069769892073,38736.064951304266,21.944468720805034,-0.08348222352304546,-12.116433022212693,21552.57394295605
2024-07-03 15:35:24.575685-03:00,5.0,5.0,1725.75,38.0,650,3.4912798498191435,58.11470956104198,1718.3259485769424,1722.3725661489054,b'ShiftInProcess',14183.575685000002,0,0.002265,21.82273954692717,-0.005385453072829449,-2.3776834758628915,31.960690854413954,21.8741315900911,-0.05241840990889912,-23.14278583174354,286855.07995241287,21.917025,-0.0274437208050351,-12.116433026505561,21552.57397350047
2024-07-03 15:35:24.583435-03:00,5.0,5.0,1714.2405718520877,39.91027853077383,650,3.9071639388291395,58.22308992858427,1716.875,1708.25,b'ShiftInProcess',14183.583435,0,0.00775,21.804312499999998,-0.01842704692717234,-2.3776834744738506,31.96069077972831,21.694775,-0.17935659009109983,-23.14278581820643,286855.07928124233,21.770855262521515,-0.14616973747848405,-18.86061128754633,126538.60951413042
2024-07-03 15:35:24.585165-03:00,5.0,5.0,1711.6713704716628,40.336701996404514,650,4.0,58.24728322353535,1714.94170506928,1704.443202765283,b'ShiftInProcess',14183.585165,0,0.00173,21.779759654379856,-0.024552845620142705,-14.192396312221216,40571.67333133375,21.646428675119097,-0.04834632488090307,-27.945852532313914,609915.1932697684,21.73822640499012,-0.032628857531395994,-18.860611289824273,126538.60957526264
2024-07-03 15:35:24.594285-03:00,5.0,5.0,1698.1273724417688,42.58466847439522,650,4.0,58.37482244317401,1704.75,1684.375,b'ShiftInProcess',14183.594285000001,0,0.00912,21.650325000000002,-0.12943465437985324,-14.1923963135804,40571.67334687569,21.391562500000003,-0.25486617511909415,-27.945852534988394,609915.1935032492,21.566217630010463,-0.1720087749796555,-18.860611291628892,126538.60962369245
2024-07-03 15:35:24.595415-03:00,5.0,5.0,1696.4492235623509,42.86319940873843,650,4.0,58.390625,1703.3182561299639,1681.0650544940022,b'ShiftInProcess',14183.595415000002,0,0.00113,21.63214185285054,-0.01818314714946112,-16.09128066323993,67044.38932907433,21.349526192073828,-0.04203630792617474,-37.2002725010396,1915069.2583749497,21.544905139241855,-0.021312490768607972,-18.860611299653073,126538.60983903406
2024-07-03 15:35:24.595970-03:00,5.0,5.0,1695.625,43.0,650,4.0,58.388455512613824,1702.6150544966588,1679.4393732987276,b'ShiftInProcess',14183.59597,0,0.000555,21.623211192107565,-0.008930660742976215,-16.091280617975162,67044.38857469092,21.32888004089384,-0.020646151179988692,-37.20027239637602,1915069.2368226347,21.534437500000003,-0.010467639241852567,-18.8606112465812,126538.60841476615
2024-07-03 15:35:24.603460-03:00,5.0,5.0,1685.980040470892,45.57198920776214,650,4.0,58.359177205298415,1693.125,1657.5,b'ShiftInProcess',14183.60346,0,0.00749,21.5026875,-0.12052369210756453,-16.091280655215556,67044.38919533996,21.050250000000002,-0.27863004089383736,-37.2002724824883,1915069.2545548682,21.41194651398033,-0.1224909860196739,-16.353936718247517,71530.16908561227
2024-07-03 15:35:24.604605-03:00,5.0,5.0,1684.5056107429068,45.96517046855818,650,4.0,58.35470141599514,1692.6824189526114,1658.5136533665996,b'ShiftInProcess',14183.604605,0,0.001145,21.497066720698164,-0.00562077930183591,-4.908977556188567,580.7165269543498,21.063123397755817,0.012873397755814864,11.243142144816476,15979.044476929825,21.393221256434916,-0.018725257545412433,-16.35393672088422,71530.16913174278
2024-07-03 15:35:24.613485-03:00,5.0,5.0,1673.0707321540212,49.01447142559433,650,4.0,58.31998961773104,1689.25,1666.375,b'ShiftInProcess',14183.613485000002,0,0.00888,21.453474999999997,-0.04359172069816708,-4.908977556099896,580.7165269123917,21.1629625,0.09983910224418224,11.243142144615117,15979.04447578512,21.24799829835607,-0.1452229580788469,-16.353936720590863,71530.16912661033
2024-07-03 15:35:24.616355-03:00,5.0,5.0,1669.375,50.0,650,4.0,58.308770827083514,1688.0320768853162,1669.634735395183,b'ShiftInProcess',14183.616355,0,0.00287,21.438007376443515,-0.015467623556482124,-5.389415873338719,843.658698392693,21.204361139518824,0.04139863951882461,14.424613072761186,43292.901141342096,21.201062500000003,-0.04693579835606698,-16.353936709431004,71530.16893136276
2024-07-03 15:35:24.623500-03:00,5.0,5.0,1664.0505119222828,51.851995853119064,650,4.0,58.28084112003268,1685.0,1677.75,b'ShiftInProcess',14183.623500000002,0,0.007145,21.3995,-0.03850737644351554,-5.389415877328976,843.658700891231,21.307425,0.10306386048117488,14.424613083439452,43292.901269537724,21.133441501412992,-0.0676209985870102,-9.464100572009826,8022.641523633671
2024-07-03 15:35:24.624645-03:00,5.0,5.0,1663.197252461297,52.14878175259233,650,4.0,58.276365330729405,1684.5445052211587,1677.9208105420655,b'ShiftInProcess',14183.624645000002,0,0.001145,21.393715216308717,-0.005784783691282769,-5.0522128308146455,651.518196625821,21.30959429388423,0.0021692938842328147,1.8945798115570434,12.884026837613366,21.122605106258472,-0.010836395154520062,-9.464100571633242,8022.641522356761
2024-07-03 15:35:24.633555-03:00,5.0,5.0,1656.557477967809,54.45826853293596,650,4.0,58.24153626288667,1681.0,1679.25,b'ShiftInProcess',14183.633555,0,0.00891,21.3487,-0.04501521630871608,-5.052212829261064,651.5181958244403,21.326475000000002,0.01688070611577075,1.8945798109731482,12.884026821730327,21.038279970191176,-0.08432513606729586,-9.464100568720074,8022.641512478884
2024-07-03 15:35:24.635645-03:00,5.0,5.0,1655.0,55.0,650,4.0,58.23336648153978,1680.7912087912127,1680.7637362637074,b'ShiftInProcess',14183.635645,0,0.00209,21.346048351648403,-0.002651648351598368,-1.268731268707353,2.59106658669071,21.345699450549084,0.01922445054908195,9.198301698125336,7158.641275386024,21.0185,-0.019779970191176943,-9.464100569941122,8022.641516619175
2024-07-03 15:35:24.643565-03:00,5.0,5.0,1656.6750435431848,55.39412789251404,650,4.0,58.20240731011928,1680.0,1686.5,b'ShiftInProcess',14183.643565,0,0.00792,21.336,-0.010048351648404008,-1.2687312687378798,2.5910665869400824,21.41855,0.07285054945091574,9.198301698347947,7158.641276079019,21.039773052998445,0.021273052998445507,2.685991540207766,52.049739697198376
2024-07-03 15:35:24.644710-03:00,5.0,5.0,1656.9172057726346,55.45110724061988,650,4.0,58.197931520816,1680.0430020030087,1687.2023660491411,b'ShiftInProcess',14183.64471,0,0.001145,21.33654612543821,0.0005461254382126413,0.4769654482206474,0.051754447668018136,21.427470048824095,0.008920048824094806,7.790435654231272,3683.383847716271,21.04284851331246,0.003075460314015288,2.685991540624706,52.04973972951659
2024-07-03 15:35:24.653550-03:00,5.0,5.0,1658.786825081022,55.89101766612285,650,4.0,58.16337608200668,1680.375,1692.625,b'ShiftInProcess',14183.65355,0,0.00884,21.3407625,0.004216374561789138,0.476965448166192,0.05175444764438281,21.4963375,0.06886745117590465,7.790435653382878,3683.383846111759,21.06659267852898,0.02374416521652023,2.6859915403303427,52.04973970669965
2024-07-03 15:35:24.655740-03:00,5.0,5.0,1659.25,56.0,650,4.0,58.15481540203351,1680.375,1688.7060038133254,b'ShiftInProcess',14183.65574,0,0.00219,21.3407625,0.0,0.0,0.0,21.446566248429235,-0.04977125157076401,-22.72659889075982,266770.49095005426,21.072475,0.005882321471020191,2.6859915392786258,52.04973962517803
2024-07-03 15:35:24.663665-03:00,5.0,5.0,1664.8211775041,55.204117499414295,650,4.0,58.12383668568204,1680.375,1674.5242482016138,b'ShiftInProcess',14183.663665,0,0.007925,21.3407625,0.0,0.0,0.0,21.266457952160494,-0.1801082962687417,-22.726598898263937,266770.491302395,21.14322895430207,0.0707539543020701,8.927943760513578,6353.393925577377
2024-07-03 15:35:24.665355-03:00,5.0,5.0,1666.00922671387,55.034396183732866,650,4.0,58.1172304988474,1680.375,1671.5,b'ShiftInProcess',14183.665355000001,0,0.00169,21.3407625,0.0,0.0,0.0,21.22805,-0.03840795216049386,-22.72659891153483,266770.4919255032,21.158317179266152,0.015088224964081576,8.927943765728742,6353.393940422447
2024-07-03 15:35:24.665920-03:00,5.0,5.0,1666.4064147632598,54.97765503382003,650,4.0,58.115021921592195,1680.5495982695686,1670.8016069217258,b'ShiftInProcess',14183.665920000001,0,0.000565,21.342979898023522,0.0022173980235216106,3.924598271719665,237.23613121583625,21.219180407905917,-0.00886959209408289,-15.698393086872372,60732.449591156765,21.163361467493402,0.0050442882272498935,8.92794376504406,6353.393938473484
2024-07-03 15:35:24.673445-03:00,5.0,5.0,1671.6963971877155,54.22194325889777,650,4.0,58.08560679976007,1682.875,1661.5,b'ShiftInProcess',14183.673445,0,0.007525,21.3725125,0.029532601976477224,3.924598269299299,237.2361306306061,21.10105,-0.118130407905916,-15.69839307719814,60732.44944144979,21.23054424428399,0.06718277679058815,8.927943759546599,6353.39392282485
2024-07-03 15:35:24.675655-03:00,5.0,5.0,1673.25,54.0,650,4.0,58.076967940055965,1683.1230049875592,1665.027182045286,b'ShiftInProcess',14183.675655000001,0,0.00221,21.375662163342003,0.003149663342004061,1.425187032581023,4.12560313716291,21.145845211975132,0.044795211975131366,20.269326685579802,168794.11056175092,21.250275,0.01973075571600802,8.927943762899556,6353.393932369111
2024-07-03 15:35:24.683470-03:00,5.0,5.0,1681.1842542465863,52.845926655042,650,4.0,58.046419212192696,1684.0,1677.5,b'ShiftInProcess',14183.683470000002,0,0.007815,21.3868,0.011137836657997724,1.425187032373349,4.125603134758229,21.30425,0.15840478802486757,20.2693266826446,168794.11046397858,21.351040028931646,0.1007650289316473,12.893797687990695,27639.06875726272
2024-07-03 15:35:24.684615-03:00,5.0,5.0,1682.346726556035,52.676839773667616,650,4.0,58.04194342289653,1684.3201304748452,1678.8605545180924,b'ShiftInProcess',14183.684615,0,0.001145,21.390865657030535,0.0040656570305337425,3.5507921664050155,158.96481624265252,21.321529042379773,0.017279042379772847,15.090866707225194,51862.89225553215,21.365803427261646,0.014763398330000399,12.89379766812262,27639.068586906367
2024-07-03 15:35:24.694200-03:00,5.0,5.0,1692.077990402234,51.261383214220494,650,4.0,58.004475789296166,1687.0,1690.25,b'ShiftInProcess',14183.694200000002,0,0.009585,21.4249,0.03403434296946628,3.5507921720882925,158.9648172603872,21.466175,0.14464595762022725,15.09086673137478,51862.89258751238,21.489390478108373,0.1235870508467265,12.893797688756026,27639.06876382496
2024-07-03 15:35:24.695345-03:00,5.0,5.0,1693.240462711683,51.09229633284612,650,4.0,58.0,1687.8002688160827,1692.8047042974947,b'ShiftInProcess',14183.695345,0,0.001145,21.43506341396425,0.010163413964249912,8.876344073580709,6207.782806728289,21.498619744578185,0.03244474457818569,28.33602146566436,644696.765563424,21.504153876438373,0.014763398330000399,12.89379766812262,27639.068586906367
2024-07-03 15:35:24.695970-03:00,5.0,5.0,1693.875,51.0,650,4.0,57.99746131829989,1688.2370967734923,1694.1991935461483,b'ShiftInProcess',14183.69597,0,0.000625,21.440611129023353,0.005547715059101677,8.876344094562683,6207.782865424317,21.516329758036083,0.017710013457897134,28.336021532635414,644696.7716582842,21.5122125,0.008058623561627343,12.893797698603748,27639.06884826304
